True_Label,Keras_MSE,TFLite_MSE,Keras_Pred,TFLite_Pred
0,0.000136787,0.00013678789,0,0
1,0.5758824,0.575882,1,1
1,0.00022446421,0.00022446463,0,0
0,2.0374457e-05,2.0373545e-05,0,0
0,0.00022569485,0.00022569411,0,0
0,0.000112158574,0.000112159796,0,0
0,0.0001027624,0.000102762286,0,0
0,0.00016171153,0.00016170445,0,0
0,0.0004153331,0.000415331,0,0
0,3.6604844e-05,3.660396e-05,0,0
0,9.489828e-05,9.4896044e-05,0,0
0,5.0317365e-05,5.03154e-05,0,0
0,0.00010906547,0.00010906538,0,0
0,3.086682e-05,3.08677e-05,0,0
0,0.00021469704,0.0002147028,0,0
0,6.969733e-05,6.969379e-05,0,0
0,0.0001060777,0.000106074476,0,0
0,2.5043259e-05,2.5043284e-05,0,0
0,0.0001241434,0.0001241443,0,0
0,3.6837868e-05,3.683753e-05,0,0
0,4.3197997e-05,4.3195425e-05,0,0
0,0.0004890042,0.0004890054,0,0
1,0.00026804843,0.0002680523,0,0
0,0.00013162113,0.00013162041,0,0
0,5.744729e-05,5.7446876e-05,0,0
0,9.646316e-05,9.646313e-05,0,0
0,0.00015008081,0.00015008109,0,0
1,0.06909741,0.0690979,1,1
0,0.00011630178,0.0001163008,0,0
1,0.00010522894,0.0001052297,0,0
0,0.000106631276,0.000106631334,0,0
0,0.000117863914,0.00011786514,0,0
1,0.00038473218,0.00038472633,0,0
0,3.8801187e-05,3.879853e-05,0,0
0,8.043312e-05,8.0433405e-05,0,0
0,7.7729375e-05,7.7729295e-05,0,0
0,0.00023904255,0.0002390446,0,0
0,6.114078e-05,6.113921e-05,0,0
0,4.2968997e-05,4.2970165e-05,0,0
1,0.22576457,0.22576576,1,1
0,1.924774e-05,1.9248193e-05,0,0
0,3.002055e-05,3.0020796e-05,0,0
1,1.0909585,1.0909604,1,1
0,0.00017646968,0.00017647096,0,0
0,9.948774e-05,9.948461e-05,0,0
0,0.00010163048,0.000101632475,0,0
0,0.00019725738,0.00019725935,0,0
0,3.516301e-05,3.516291e-05,0,0
0,8.330038e-05,8.3302526e-05,0,0
0,0.000104745406,0.00010474487,0,0
0,0.00015146054,0.00015145974,0,0
0,0.00017104221,0.0001710467,0,0
1,0.10427034,0.10427066,1,1
0,0.00014107788,0.00014107912,0,0
0,0.00024221388,0.00024221199,0,0
0,6.144482e-05,6.144531e-05,0,0
0,0.0002983431,0.00029834048,0,0
0,0.00010225509,0.000102255755,0,0
0,8.569963e-05,8.570025e-05,0,0
0,0.00014624307,0.00014624298,0,0
0,4.1548075e-05,4.1547242e-05,0,0
0,6.5953885e-05,6.59547e-05,0,0
0,0.00038151784,0.00038151877,0,0
0,0.0009320791,0.0009320721,0,0
0,9.245364e-05,9.2453316e-05,0,0
0,0.00047276905,0.00047276737,0,0
0,0.00012861245,0.0001286125,0,0
1,0.0002597358,0.00025973303,0,0
0,0.0002657484,0.0002657495,0,0
0,0.00012765588,0.00012765532,0,0
0,0.00016002767,0.000160029,0,0
0,0.0005779357,0.00057793927,0,0
0,0.00045554325,0.00045554296,0,0
0,8.571948e-06,8.571603e-06,0,0
1,0.9590065,0.9590067,1,1
0,0.00023554203,0.00023553934,0,0
0,0.00018000923,0.00018000895,0,0
0,0.00033447574,0.00033447752,0,0
0,0.00019543903,0.00019543992,0,0
0,3.1689826e-05,3.169032e-05,0,0
0,0.00010389626,0.00010388773,0,0
0,0.00028279962,0.00028280172,0,0
0,5.883163e-05,5.8830923e-05,0,0
0,0.00012445486,0.0001244592,0,0
0,7.1882896e-05,7.188384e-05,0,0
0,7.597216e-05,7.597282e-05,0,0
0,0.0002863151,0.00028631598,0,0
0,0.00024927882,0.0002492782,0,0
0,0.00023922087,0.00023922355,0,0
0,5.923676e-05,5.9236947e-05,0,0
0,8.7308e-05,8.730696e-05,0,0
0,4.2633852e-05,4.2634376e-05,0,0
0,0.00066851306,0.00066851167,0,0
0,0.0013068767,0.001306877,0,0
0,4.310082e-05,4.310005e-05,0,0
0,0.0001098536,0.00010985191,0,0
0,7.385379e-05,7.3857074e-05,0,0
0,0.00024038994,0.00024038834,0,0
0,0.00015261234,0.00015261634,0,0
0,7.339794e-05,7.3398776e-05,0,0
0,9.124785e-05,9.1247806e-05,0,0
0,6.516459e-05,6.516449e-05,0,0
1,0.51302403,0.51302457,1,1
0,4.8576574e-05,4.8575326e-05,0,0
0,0.00017313544,0.00017313502,0,0
0,0.00041263303,0.00041262907,0,0
0,5.7159457e-05,5.715943e-05,0,0
0,2.841677e-05,2.8415894e-05,0,0
1,0.15505071,0.15504964,1,1
0,0.00029447066,0.0002944727,0,0
0,0.00010764528,0.00010764662,0,0
0,4.399929e-05,4.3998534e-05,0,0
0,0.0003333057,0.0003333044,0,0
0,0.00022189606,0.00022189936,0,0
0,0.00016080152,0.00016079907,0,0
0,0.0011442411,0.0011442349,0,0
1,4.932356e-05,4.9323582e-05,0,0
0,6.832768e-05,6.832701e-05,0,0
0,0.00046500223,0.00046501154,0,0
0,6.746478e-05,6.7464454e-05,0,0
1,1.1439767,1.1439768,1,1
0,7.247386e-05,7.247413e-05,0,0
0,0.0006862209,0.0006862248,0,0
0,5.6322675e-05,5.6322253e-05,0,0
0,0.00024534762,0.00024534692,0,0
0,0.00016065325,0.00016065256,0,0
0,0.0002189428,0.00021893962,0,0
0,0.0005943483,0.0005943525,0,0
0,9.64251e-05,9.642433e-05,0,0
0,2.9251089e-05,2.9252105e-05,0,0
0,0.00025474202,0.0002547448,0,0
0,0.00039055164,0.0003905612,0,0
0,0.00012632261,0.0001263244,0,0
0,0.00058407814,0.0005840774,0,0
0,2.8557135e-05,2.8557079e-05,0,0
0,7.101501e-05,7.101811e-05,0,0
0,4.4725584e-05,4.4726563e-05,0,0
0,0.00030168527,0.00030168623,0,0
0,9.9979334e-05,9.998091e-05,0,0
0,4.070948e-05,4.0709292e-05,0,0
0,8.646525e-05,8.646404e-05,0,0
0,5.210051e-05,5.2099826e-05,0,0
0,0.00012603376,0.00012603217,0,0
0,1.2031545e-05,1.203089e-05,0,0
1,0.112141706,0.11214167,1,1
0,1.6197386e-05,1.6197655e-05,0,0
0,0.00010238611,0.000102385275,0,0
0,1.920869e-05,1.920869e-05,0,0
0,3.5550824e-05,3.5550325e-05,0,0
0,0.00011741911,0.00011741788,0,0
0,0.000107876556,0.000107877284,0,0
0,4.1390478e-05,4.1390027e-05,0,0
0,8.8313034e-05,8.831296e-05,0,0
0,0.00047194434,0.00047194737,0,0
0,1.6079974e-05,1.6078766e-05,0,0
0,0.00014285324,0.00014285279,0,0
0,0.00033470883,0.00033470898,0,0
0,0.00017400102,0.00017399901,0,0
1,0.17061932,0.17062013,1,1
0,0.00012537425,0.00012537041,0,0
0,0.00038366308,0.00038366564,0,0
0,0.0001553482,0.00015534813,0,0
0,0.00066757324,0.0006675741,0,0
1,7.255772e-05,7.2554736e-05,0,0
1,0.0001900951,0.00019009334,0,0
0,0.0005795251,0.00057952333,0,0
0,0.00059580215,0.0005958015,0,0
0,6.3372856e-05,6.337299e-05,0,0
0,0.00017246076,0.00017246774,0,0
0,0.0001108349,0.00011083678,0,0
0,3.9458042e-05,3.9456518e-05,0,0
0,5.861491e-05,5.8613397e-05,0,0
0,8.14927e-05,8.1489656e-05,0,0
0,4.1070398e-05,4.1070434e-05,0,0
1,0.15952599,0.15952563,1,1
0,7.947973e-05,7.947889e-05,0,0
0,6.8257505e-05,6.8257665e-05,0,0
0,0.00012377214,0.00012377216,0,0
1,0.26822317,0.2682241,1,1
0,6.397329e-05,6.3972584e-05,0,0
0,0.00024795826,0.00024795873,0,0
1,0.564776,0.56477576,1,1
1,0.00034996867,0.00034997318,0,0
0,3.0473884e-05,3.0473937e-05,0,0
0,0.00014834391,0.00014834122,0,0
0,7.309832e-05,7.3096635e-05,0,0
0,0.00013376564,0.00013376726,0,0
0,9.5193216e-05,9.519305e-05,0,0
0,5.860184e-05,5.860197e-05,0,0
0,5.6197878e-05,5.619806e-05,0,0
0,3.3841214e-05,3.384113e-05,0,0
0,8.1721366e-05,8.1719714e-05,0,0
0,4.7564987e-05,4.7565347e-05,0,0
0,0.00012283809,0.00012283803,0,0
0,0.00013697882,0.00013698416,0,0
0,0.00019429822,0.00019429634,0,0
0,4.0224764e-05,4.0224746e-05,0,0
0,0.00014997115,0.00014997102,0,0
0,3.0220937e-05,3.0220515e-05,0,0
0,0.00021018156,0.00021018035,0,0
0,0.00019582683,0.00019582844,0,0
1,0.00017357925,0.00017358056,0,0
0,9.5750576e-05,9.575289e-05,0,0
0,8.7482134e-05,8.748235e-05,0,0
0,0.0002275225,0.00022752244,0,0
0,9.770226e-05,9.7698685e-05,0,0
0,0.00012216925,0.00012216733,0,0
0,8.051583e-05,8.051549e-05,0,0
0,0.00045805157,0.00045805026,0,0
1,1.3438276,1.3438274,1,1
0,0.0008427727,0.000842776,0,0
0,6.76086e-06,6.76094e-06,0,0
0,0.00016301485,0.00016301525,0,0
0,0.0011808955,0.001180895,0,0
0,0.00043165145,0.00043164476,0,0
0,0.00016732373,0.00016732288,0,0
0,0.00012378382,0.00012378291,0,0
1,0.16936572,0.16936696,1,1
0,0.0008735899,0.0008735836,0,0
0,7.007431e-05,7.007421e-05,0,0
0,7.478818e-05,7.478783e-05,0,0
0,2.6619176e-05,2.6619122e-05,0,0
0,0.00015959419,0.0001595975,0,0
0,0.0005944276,0.00059442455,0,0
0,6.2140745e-05,6.214048e-05,0,0
0,2.31758e-05,2.31745e-05,0,0
0,0.00022133043,0.00022133056,0,0
0,0.00026826197,0.00026826162,0,0
0,5.6165427e-05,5.6165503e-05,0,0
0,9.976158e-05,9.976068e-05,0,0
0,0.0011238464,0.0011238343,0,0
0,5.8961534e-05,5.89618e-05,0,0
0,3.4905956e-05,3.4905534e-05,0,0
0,7.286563e-05,7.2863855e-05,0,0
0,7.21765e-05,7.217702e-05,0,0
0,2.24658e-05,2.2464354e-05,0,0
0,0.000107362815,0.000107361586,0,0
0,4.123089e-05,4.1230753e-05,0,0
0,4.2050582e-05,4.2051146e-05,0,0
0,0.00020555919,0.00020556014,0,0
0,0.00014540834,0.00014540691,0,0
0,3.4526307e-05,3.4527064e-05,0,0
1,0.18043332,0.1804329,1,1
0,0.00015807615,0.0001580777,0,0
0,3.0916464e-05,3.0917832e-05,0,0
0,4.0486306e-05,4.0486717e-05,0,0
0,3.378488e-05,3.378285e-05,0,0
0,0.0003516168,0.00035161836,0,0
0,0.0002577513,0.0002577499,0,0
0,0.0007338387,0.0007338396,0,0
0,0.00019986187,0.00019986027,0,0
0,0.0003818184,0.0003818154,0,0
0,0.00053689105,0.00053689245,0,0
0,6.5967535e-05,6.59667e-05,0,0
0,3.078285e-05,3.078403e-05,0,0
0,6.700828e-05,6.700738e-05,0,0
0,5.2562827e-05,5.2563613e-05,0,0
0,2.7485024e-05,2.748587e-05,0,0
0,0.00024839927,0.00024840026,0,0
0,7.5043604e-06,7.5041376e-06,0,0
0,0.00014092845,0.00014092858,0,0
0,0.00065050804,0.00065050164,0,0
0,0.00017285103,0.00017285066,0,0
0,8.684932e-05,8.684891e-05,0,0
0,0.00064354227,0.0006435478,0,0
1,0.18515742,0.18515755,1,1
0,0.00044097006,0.00044096707,0,0
0,4.9780447e-05,4.9781393e-05,0,0
0,0.00016784163,0.0001678447,0,0
0,0.00019250542,0.00019250515,0,0
1,0.1973242,0.1973239,1,1
0,0.00078209635,0.000782099,0,0
0,2.7100568e-05,2.7100488e-05,0,0
0,7.194938e-05,7.195355e-05,0,0
0,0.00021251355,0.00021251144,0,0
0,0.00012905708,0.00012905952,0,0
0,0.00012668887,0.00012668992,0,0
1,0.00033426657,0.0003342644,0,0
0,4.2794825e-05,4.2795513e-05,0,0
0,0.011754457,0.011754428,1,1
0,4.358085e-05,4.358189e-05,0,0
0,1.4839432e-05,1.4838271e-05,0,0
0,1.624472e-05,1.6244503e-05,0,0
0,0.00040297338,0.0004029766,0,0
0,4.3226377e-05,4.3225125e-05,0,0
0,9.099102e-05,9.0992224e-05,0,0
0,0.00027942032,0.000279422,0,0
0,0.0011270948,0.0011270934,0,0
0,3.8139977e-05,3.8144066e-05,0,0
0,0.0011073835,0.0011073808,0,0
1,0.083747976,0.083747365,1,1
0,0.00044177068,0.0004417739,0,0
0,0.00032113396,0.00032113167,0,0
0,0.00019179768,0.00019179909,0,0
0,6.859442e-05,6.8593e-05,0,0
1,0.21440053,0.21440017,1,1
0,3.3933928e-05,3.3933735e-05,0,0
0,2.46795e-05,2.4679563e-05,0,0
1,0.00026027756,0.0002602753,0,0
0,0.02216684,0.022166876,1,1
0,6.816676e-05,6.8166446e-05,0,0
0,0.0006833393,0.00068334164,0,0
0,0.0006629108,0.0006629137,0,0
0,0.00020127826,0.00020128132,0,0
1,0.00051855296,0.00051856023,0,0
1,0.20536809,0.20536749,1,1
0,0.0004547789,0.000454782,0,0
1,0.22995067,0.22995181,1,1
0,0.0003247195,0.00032471938,0,0
1,0.18316805,0.18316774,1,1
0,0.000101117774,0.00010111858,0,0
0,2.699013e-05,2.6989414e-05,0,0
1,0.16938603,0.16938604,1,1
0,1.6183438e-05,1.6183907e-05,0,0
0,0.00017635123,0.0001763507,0,0
0,4.613826e-05,4.613852e-05,0,0
0,0.0005426441,0.0005426465,0,0
0,3.0733467e-05,3.0734223e-05,0,0
0,4.5360546e-05,4.5361307e-05,0,0
0,0.0002805117,0.000280509,0,0
0,3.3489803e-05,3.3489832e-05,0,0
0,2.800112e-05,2.800048e-05,0,0
0,0.00042785067,0.000427852,0,0
0,0.00060795696,0.0006079571,0,0
0,0.0004042783,0.00040427456,0,0
0,8.5347914e-05,8.534753e-05,0,0
0,0.00018024504,0.00018024603,0,0
0,4.0551455e-05,4.0551724e-05,0,0
0,0.00019220462,0.00019220241,0,0
0,0.00016935887,0.00016935937,0,0
0,0.00012344436,0.00012344403,0,0
0,6.600425e-05,6.600293e-05,0,0
0,9.910538e-05,9.910479e-05,0,0
0,0.00011349807,0.00011349891,0,0
0,0.00024855492,0.00024855064,0,0
0,0.00016213836,0.00016213839,0,0
0,0.0001623791,0.00016237577,0,0
0,0.00012293509,0.00012293439,0,0
0,0.00043756282,0.00043756198,0,0
0,0.00032781207,0.00032781236,0,0
0,0.00029502422,0.00029502632,0,0
0,5.424427e-05,5.424382e-05,0,0
0,5.5454148e-05,5.545438e-05,0,0
0,6.219719e-05,6.219687e-05,0,0
0,0.0008429932,0.0008429938,0,0
0,0.00033804312,0.00033804693,0,0
0,9.143077e-05,9.142983e-05,0,0
0,0.00010082924,0.00010082985,0,0
0,0.00037583,0.00037583092,0,0
0,0.00028176705,0.00028176658,0,0
0,0.000119173026,0.000119173696,0,0
0,2.5890788e-05,2.588958e-05,0,0
0,5.3780775e-05,5.378241e-05,0,0
0,3.3399177e-05,3.34004e-05,0,0
0,0.00017261866,0.00017261704,0,0
0,0.00026048467,0.00026048018,0,0
0,2.5447305e-05,2.5447036e-05,0,0
0,0.00016370164,0.00016370241,0,0
0,0.00082961883,0.00082960335,0,0
0,0.000102975726,0.0001029747,0,0
0,0.0002994788,0.00029948057,0,0
0,0.00023371195,0.00023370994,0,0
0,8.228263e-05,8.228386e-05,0,0
0,0.00019750725,0.00019750121,0,0
1,0.09453078,0.09453139,1,1
0,0.00041450487,0.0004145044,0,0
0,6.206513e-05,6.206538e-05,0,0
0,0.001774747,0.0017747447,1,1
0,0.0003717759,0.00037177614,0,0
0,7.3360694e-05,7.336539e-05,0,0
0,1.0429404e-05,1.0429525e-05,0,0
0,0.00014597824,0.00014597755,0,0
1,0.08571655,0.085716434,1,1
0,0.0010007313,0.0010007324,0,0
0,0.00025375982,0.00025376046,0,0
1,0.0011985103,0.0011985198,0,0
0,0.00036824596,0.00036824614,0,0
0,0.00039868001,0.0003986781,0,0
0,0.0001412827,0.00014128185,0,0
0,0.00010606422,0.00010606824,0,0
0,2.824032e-05,2.823947e-05,0,0
0,7.877595e-05,7.877539e-05,0,0
1,0.00040732193,0.00040732347,0,0
1,0.08483449,0.08483531,1,1
0,2.3001594e-05,2.3001065e-05,0,0
0,0.00023343682,0.00023343605,0,0
0,0.00014672258,0.00014672546,0,0
0,0.000118140306,0.00011814057,0,0
0,1.4988866e-05,1.4990106e-05,0,0
0,4.6766552e-05,4.6765927e-05,0,0
0,4.905176e-05,4.9051374e-05,0,0
0,3.1445725e-05,3.144535e-05,0,0
0,5.379719e-05,5.379754e-05,0,0
0,4.3211465e-05,4.3212203e-05,0,0
0,2.9645422e-05,2.9646702e-05,0,0
0,8.030519e-05,8.0305756e-05,0,0
1,0.00032513778,0.00032513795,0,0
0,0.00010436717,0.00010436709,0,0
1,0.0011052279,0.0011052279,0,0
0,0.00010827503,0.00010827548,0,0
0,0.00017717562,0.00017717147,0,0
0,0.00040362138,0.00040361984,0,0
0,2.8814371e-05,2.8814333e-05,0,0
0,8.0281585e-05,8.028021e-05,0,0
0,9.276101e-05,9.2761846e-05,0,0
0,0.00061164505,0.0006116429,0,0
0,0.00019973138,0.0001997323,0,0
1,0.0002639595,0.00026395984,0,0
0,4.5439476e-05,4.5439043e-05,0,0
0,0.00022542226,0.00022542117,0,0
0,0.00045276454,0.0004527667,0,0
0,0.00030260856,0.00030260652,0,0
0,9.1710746e-05,9.171153e-05,0,0
0,3.7461316e-05,3.7462887e-05,0,0
0,2.4159513e-05,2.4158691e-05,0,0
0,0.00015048927,0.00015047814,0,0
0,2.559649e-05,2.5596988e-05,0,0
0,3.6022033e-05,3.6021807e-05,0,0
0,0.000632323,0.0006323264,0,0
0,9.5446936e-05,9.544647e-05,0,0
0,5.2207306e-05,5.2207466e-05,0,0
0,0.00012875821,0.00012875853,0,0
0,8.385314e-05,8.3854735e-05,0,0
1,1.0643057,1.0643047,1,1
0,4.843535e-05,4.8434737e-05,0,0
0,8.890808e-05,8.890642e-05,0,0
0,3.0146466e-05,3.0147456e-05,0,0
0,8.2241495e-05,8.224228e-05,0,0
0,8.7776316e-05,8.777754e-05,0,0
0,4.3787513e-05,4.3787044e-05,0,0
0,4.9374677e-05,4.9373895e-05,0,0
0,0.00064999936,0.00064999104,0,0
0,0.000104805455,0.00010480309,0,0
0,3.7131194e-05,3.713254e-05,0,0
0,0.00051153125,0.00051153044,0,0
1,0.20990197,0.20990162,1,1
1,0.13466665,0.13466695,1,1
0,4.96924e-05,4.9692317e-05,0,0
0,0.0009519017,0.000951901,0,0
0,3.3891174e-05,3.3889857e-05,0,0
0,0.00015386529,0.00015386536,0,0
0,0.00015107136,0.00015106903,0,0
0,0.00010136346,0.00010136302,0,0
0,3.7124475e-05,3.712642e-05,0,0
0,0.0014282499,0.0014282585,0,0
0,0.00013349122,0.00013348767,0,0
0,0.00047927,0.00047927035,0,0
0,0.00023309217,0.00023309153,0,0
0,0.00012184319,0.00012184548,0,0
0,0.0027165515,0.0027165625,1,1
0,3.017944e-05,3.0179843e-05,0,0
0,0.00013017988,0.00013018034,0,0
1,0.00047922405,0.00047922358,0,0
0,0.00048354757,0.00048355127,0,0
0,5.6175893e-05,5.617779e-05,0,0
0,7.89839e-05,7.898418e-05,0,0
0,0.00012093151,0.00012093133,0,0
0,0.00071936945,0.0007193717,0,0
0,3.2917396e-05,3.2917356e-05,0,0
0,8.064562e-05,8.064569e-05,0,0
0,7.120221e-05,7.1204246e-05,0,0
0,4.488476e-05,4.4884244e-05,0,0
0,0.000121875055,0.00012187517,0,0
0,0.000168437,0.00016843782,0,0
0,0.00022593701,0.00022594248,0,0
0,1.155951e-05,1.15598e-05,0,0
0,0.00028425665,0.00028425906,0,0
0,4.2027077e-05,4.2027285e-05,0,0
0,0.00019070807,0.00019070953,0,0
0,0.0004921647,0.0004921642,0,0
0,0.00034583503,0.00034583444,0,0
0,0.00077129784,0.000771299,0,0
0,0.00010019241,0.00010019372,0,0
0,2.3422455e-05,2.3422675e-05,0,0
0,0.00045044665,0.00045044444,0,0
0,0.00026163086,0.00026162955,0,0
0,0.00042067785,0.00042067948,0,0
0,5.0172977e-05,5.017497e-05,0,0
0,7.339807e-05,7.339888e-05,0,0
0,9.66123e-05,9.6611526e-05,0,0
0,0.0005630681,0.00056307495,0,0
0,5.2391657e-05,5.239144e-05,0,0
0,9.590292e-05,9.590008e-05,0,0
0,5.2534404e-05,5.2532865e-05,0,0
0,0.00020178373,0.00020178437,0,0
0,1.6648404e-05,1.6648139e-05,0,0
0,3.488767e-05,3.488659e-05,0,0
0,0.00044546984,0.00044546943,0,0
0,0.00031739668,0.0003173929,0,0
0,0.00011951849,0.000119516575,0,0
0,7.554118e-05,7.554081e-05,0,0
0,0.00018472229,0.0001847236,0,0
1,1.1964067,1.1964072,1,1
0,4.5495337e-05,4.5495282e-05,0,0
1,9.255918e-05,9.25583e-05,0,0
0,0.0004328778,0.00043287358,0,0
0,0.000113292626,0.00011329056,0,0
0,9.527106e-06,9.528009e-06,0,0
0,0.0001846045,0.00018460747,0,0
1,3.7478967e-05,3.7478196e-05,0,0
0,0.00012984934,0.00012984652,0,0
0,0.00040420843,0.00040420462,0,0
0,0.0001490966,0.0001490916,0,0
0,2.1886428e-05,2.1885877e-05,0,0
0,8.0706064e-05,8.070013e-05,0,0
0,0.00013560668,0.0001356067,0,0
0,0.00040274483,0.00040274303,0,0
0,6.899073e-05,6.8990565e-05,0,0
0,0.0013366109,0.0013366105,0,0
0,0.00021266389,0.00021266419,0,0
0,2.835853e-05,2.835886e-05,0,0
0,0.0009657266,0.00096572493,0,0
1,0.7899993,0.7899994,1,1
0,0.00036431407,0.00036431142,0,0
0,5.260695e-05,5.260667e-05,0,0
1,0.13192445,0.13192405,1,1
0,2.7007372e-05,2.7008347e-05,0,0
0,5.623269e-05,5.623237e-05,0,0
1,0.19845171,0.19845276,1,1
0,9.634054e-05,9.63398e-05,0,0
0,0.00018681546,0.00018681567,0,0
0,0.00036469023,0.00036469384,0,0
0,0.00010514308,0.00010514161,0,0
0,2.06755e-05,2.0675305e-05,0,0
0,0.000106400075,0.00010639945,0,0
0,9.644855e-05,9.644745e-05,0,0
0,0.00012174974,0.00012175098,0,0
0,1.576486e-05,1.5764977e-05,0,0
0,2.232402e-05,2.232365e-05,0,0
0,0.00018215262,0.00018215763,0,0
0,0.0037891993,0.0037891965,1,1
0,0.00017116188,0.00017116149,0,0
1,0.09782287,0.09782318,1,1
1,0.000102630605,0.00010262976,0,0
1,0.26078406,0.26078537,1,1
0,0.00010903864,0.00010903818,0,0
0,4.3404245e-05,4.3404998e-05,0,0
0,0.00027573976,0.0002757402,0,0
0,3.908979e-05,3.908951e-05,0,0
0,3.676286e-05,3.6762052e-05,0,0
1,0.15816884,0.15816888,1,1
0,3.982198e-05,3.9821854e-05,0,0
0,2.9821153e-05,2.9821269e-05,0,0
1,5.4602948e-05,5.4601765e-05,0,0
0,3.3488206e-05,3.348838e-05,0,0
0,0.0005046602,0.0005046572,0,0
0,6.623752e-05,6.623913e-05,0,0
0,8.102394e-05,8.1024365e-05,0,0
1,0.17430271,0.17430387,1,1
1,0.06261312,0.06261298,1,1
0,0.0012358233,0.0012358247,0,0
0,0.00017726545,0.00017726443,0,0
0,0.000539468,0.0005394661,0,0
0,0.00018806309,0.00018806446,0,0
0,0.0003226255,0.0003226271,0,0
0,0.00024104159,0.00024104271,0,0
0,9.5245014e-05,9.524443e-05,0,0
0,0.00061780756,0.0006178086,0,0
0,0.00012248749,0.00012248525,0,0
0,0.0002714737,0.0002714721,0,0
0,0.0011296925,0.0011296958,0,0
1,0.0007714738,0.0007714715,0,0
0,0.00029833417,0.0002983335,0,0
0,6.0245817e-05,6.0247447e-05,0,0
0,0.00040239666,0.0004024011,0,0
0,0.0001097286,0.0001097272,0,0
0,3.9520728e-05,3.9519615e-05,0,0
0,0.00016111905,0.00016111584,0,0
0,0.00014699982,0.0001470021,0,0
0,0.00016325171,0.00016325158,0,0
0,0.000137946,0.00013794875,0,0
0,0.00023478824,0.00023478754,0,0
0,0.00036889306,0.0003688945,0,0
0,8.959614e-05,8.959737e-05,0,0
0,8.051181e-05,8.051043e-05,0,0
0,0.00031784986,0.00031784872,0,0
0,9.421756e-05,9.4221534e-05,0,0
0,3.0988627e-05,3.098939e-05,0,0
0,0.00017307683,0.00017307838,0,0
0,5.169192e-05,5.1692226e-05,0,0
1,0.7405924,0.74059266,1,1
0,0.00011638281,0.00011638447,0,0
0,5.6692796e-05,5.6692847e-05,0,0
0,0.00024049408,0.00024049701,0,0
0,0.00010977181,0.00010977178,0,0
0,5.829312e-05,5.8292004e-05,0,0
0,6.765554e-05,6.765624e-05,0,0
0,0.00028332532,0.0002833239,0,0
0,0.00041897336,0.00041896538,0,0
0,0.00014960703,0.00014960724,0,0
1,5.0913648e-05,5.0913546e-05,0,0
0,5.0168102e-05,5.0167622e-05,0,0
0,0.0007699442,0.0007699453,0,0
0,0.00023715706,0.00023715844,0,0
0,0.0001184755,0.00011847514,0,0
1,0.092204385,0.09220457,1,1
0,0.00028415665,0.00028415563,0,0
0,0.00052985764,0.00052985543,0,0
0,0.0009391506,0.0009391445,0,0
0,2.2635408e-05,2.2632928e-05,0,0
0,4.1284336e-05,4.1286232e-05,0,0
0,0.00022662843,0.0002266321,0,0
1,0.1384375,0.13843761,1,1
0,3.7655904e-05,3.765716e-05,0,0
0,0.00024803562,0.00024803457,0,0
0,0.0002347831,0.00023478708,0,0
0,5.1956264e-05,5.195671e-05,0,0
0,3.350834e-05,3.3509565e-05,0,0
0,7.2312425e-05,7.231182e-05,0,0
0,0.00034551995,0.00034552685,0,0
1,0.062321037,0.062321484,1,1
0,1.8814666e-05,1.8813062e-05,0,0
0,5.9479626e-05,5.9478625e-05,0,0
0,0.0001371597,0.00013715804,0,0
0,6.246734e-05,6.246948e-05,0,0
0,3.0656483e-05,3.065636e-05,0,0
0,0.00011981258,0.0001198131,0,0
0,0.0001130862,0.0001130878,0,0
0,0.00020528777,0.00020528647,0,0
0,9.2497045e-05,9.249524e-05,0,0
0,8.1960316e-05,8.195922e-05,0,0
0,0.00013915054,0.00013915087,0,0
1,0.92662483,0.92662597,1,1
0,0.0008525764,0.00085257756,0,0
0,3.4068482e-05,3.406778e-05,0,0
0,0.0007235454,0.0007235484,0,0
0,0.0001260407,0.00012603955,0,0
0,6.3173306e-05,6.317175e-05,0,0
1,0.8682721,0.8682723,1,1
1,0.74380565,0.743805,1,1
0,7.249142e-05,7.249296e-05,0,0
0,4.7807247e-05,4.7806243e-05,0,0
0,0.0007574898,0.0007574882,0,0
0,0.00012870082,0.00012869954,0,0
1,0.061944515,0.061944824,1,1
0,0.00015421906,0.0001542168,0,0
0,0.00020604634,0.00020604832,0,0
1,0.65616965,0.6561705,1,1
1,8.832265e-05,8.8324356e-05,0,0
0,5.4461092e-05,5.4462256e-05,0,0
0,0.00048718674,0.00048718977,0,0
0,0.00028509108,0.00028509018,0,0
0,3.2055897e-05,3.2056418e-05,0,0
0,3.235603e-05,3.2356722e-05,0,0
0,0.00019429081,0.00019428926,0,0
0,6.482518e-05,6.482545e-05,0,0
1,0.6278395,0.62783927,1,1
0,4.416727e-05,4.4167402e-05,0,0
1,0.5671817,0.5671815,1,1
0,6.23318e-05,6.2331106e-05,0,0
0,5.4363252e-05,5.4363783e-05,0,0
0,2.0284087e-05,2.0285144e-05,0,0
0,0.0005593398,0.0005593389,0,0
0,0.0008954702,0.0008954669,0,0
0,1.305778e-05,1.3057688e-05,0,0
0,8.368605e-05,8.368689e-05,0,0
0,0.0011325206,0.0011325137,0,0
0,7.3471536e-05,7.347342e-05,0,0
1,0.00059564965,0.00059565686,0,0
0,2.6241492e-05,2.6240881e-05,0,0
0,5.94053e-05,5.94048e-05,0,0
0,8.838178e-05,8.837929e-05,0,0
1,9.664383e-05,9.664028e-05,0,0
0,0.00038387242,0.00038387688,0,0
0,0.00035466472,0.00035466417,0,0
0,7.1697636e-05,7.169792e-05,0,0
0,0.00018903859,0.00018903844,0,0
0,3.159288e-05,3.1592022e-05,0,0
0,1.8815392e-05,1.881706e-05,0,0
0,2.3849023e-05,2.385037e-05,0,0
0,6.038482e-05,6.038252e-05,0,0
0,0.0001620264,0.00016203018,0,0
1,1.2480706,1.2480713,1,1
0,0.00018235746,0.00018235687,0,0
0,0.00016750458,0.00016750512,0,0
0,1.7886598e-05,1.7887338e-05,0,0
0,8.585705e-05,8.585706e-05,0,0
0,6.3230924e-05,6.3229905e-05,0,0
0,0.00033271394,0.00033271077,0,0
0,8.493383e-05,8.4933876e-05,0,0
0,8.1575825e-05,8.157621e-05,0,0
0,5.892877e-05,5.8928923e-05,0,0
0,0.000112817135,0.00011281506,0,0
0,0.00038140317,0.000381403,0,0
0,0.0001326597,0.00013266008,0,0
0,6.479817e-05,6.479711e-05,0,0
0,0.00012229063,0.00012228977,0,0
0,0.00021436019,0.0002143604,0,0
0,0.0020352935,0.0020352984,1,1
1,0.7578206,0.7578206,1,1
0,0.00025421576,0.00025421634,0,0
0,0.00020808993,0.00020809,0,0
1,0.74234015,0.7423399,1,1
0,0.00015448821,0.00015448953,0,0
0,0.00022871276,0.0002287189,0,0
0,2.3540915e-05,2.3541397e-05,0,0
0,0.00011278659,0.00011278621,0,0
0,0.00012372153,0.00012372051,0,0
0,0.0004752672,0.0004752681,0,0
0,8.2338775e-05,8.233816e-05,0,0
0,5.9039026e-05,5.9039765e-05,0,0
0,0.00012095549,0.0001209556,0,0
0,0.0001348235,0.00013482291,0,0
0,0.0002571343,0.00025713674,0,0
0,0.00023880956,0.00023880876,0,0
0,2.3400557e-05,2.340109e-05,0,0
1,0.0010555353,0.0010555483,0,0
0,5.9296766e-05,5.9297763e-05,0,0
0,0.00045362278,0.00045362648,0,0
0,5.224874e-05,5.2246574e-05,0,0
0,0.0003368072,0.00033680288,0,0
0,7.5353455e-05,7.5353564e-05,0,0
0,0.0006422744,0.00064227846,0,0
0,0.00013187475,0.00013187247,0,0
0,3.0032314e-05,3.0031062e-05,0,0
1,0.96921676,0.9692166,1,1
0,0.00039504268,0.00039504655,0,0
0,0.00018210313,0.00018210191,0,0
0,0.00014967662,0.00014967554,0,0
0,8.451478e-05,8.4516e-05,0,0
0,0.0005519181,0.00055192126,0,0
1,0.17932636,0.17932582,1,1
0,6.515986e-05,6.515585e-05,0,0
0,0.00054660585,0.00054660405,0,0
0,1.2286676e-05,1.2286947e-05,0,0
1,0.0010357882,0.0010357901,0,0
0,6.173275e-05,6.1732884e-05,0,0
0,0.00028096896,0.00028096847,0,0
0,0.00023706869,0.00023706879,0,0
0,0.0006299873,0.0006299985,0,0
0,4.3365308e-05,4.3365228e-05,0,0
0,3.5712354e-05,3.5712666e-05,0,0
1,0.7898338,0.7898336,1,1
0,2.3603265e-05,2.3604569e-05,0,0
0,0.000265796,0.00026579484,0,0
1,0.11887943,0.11887926,1,1
0,0.00022668613,0.000226685,0,0
1,0.00015472877,0.00015472645,0,0
0,5.263126e-05,5.2630552e-05,0,0
0,0.00015662114,0.00015662095,0,0
1,0.12508245,0.12508275,1,1
0,0.00019660976,0.00019660895,0,0
0,0.00010934589,0.00010934348,0,0
0,7.4649524e-06,7.4644963e-06,0,0
0,0.0002506478,0.0002506456,0,0
0,0.000122044294,0.000122045894,0,0
0,0.0002621802,0.00026217932,0,0
0,4.5903933e-05,4.5904304e-05,0,0
0,7.590333e-05,7.590131e-05,0,0
0,1.766148e-05,1.7661705e-05,0,0
0,0.00012224777,0.00012224802,0,0
0,3.6689176e-05,3.6687557e-05,0,0
0,2.7740518e-05,2.7741211e-05,0,0
0,0.00014637523,0.00014637742,0,0
1,0.00016853398,0.00016853218,0,0
0,8.244691e-05,8.2445236e-05,0,0
0,0.00018031367,0.0001803136,0,0
1,1.3728825,1.3728827,1,1
0,7.890033e-05,7.889949e-05,0,0
0,0.00045713104,0.00045713302,0,0
0,0.0002644684,0.0002644659,0,0
0,1.4873299e-05,1.4873706e-05,0,0
0,5.0889168e-05,5.0888248e-05,0,0
1,0.00030036256,0.00030036367,0,0
0,5.3661657e-05,5.366185e-05,0,0
0,0.00010294785,0.00010294785,0,0
0,1.2949963e-05,1.2949892e-05,0,0
0,0.00022190729,0.0002219121,0,0
0,8.556732e-05,8.5566826e-05,0,0
0,4.3065327e-05,4.3063137e-05,0,0
0,0.00017890352,0.00017890346,0,0
0,1.8089451e-05,1.8088927e-05,0,0
0,0.00011369126,0.00011369062,0,0
1,0.00020132789,0.00020132864,0,0
0,3.3913442e-05,3.3914148e-05,0,0
0,0.00035895515,0.00035895477,0,0
0,0.0002602681,0.0002602679,0,0
0,5.2933876e-05,5.293284e-05,0,0
0,4.8468897e-05,4.846844e-05,0,0
0,0.00038773124,0.00038772752,0,0
0,0.00028811753,0.0002881169,0,0
1,0.04916578,0.049165994,1,1
0,0.00010473224,0.000104731946,0,0
0,0.00013891293,0.00013891277,0,0
0,5.007212e-05,5.0072616e-05,0,0
0,0.0001853317,0.00018533216,0,0
0,0.00027287522,0.00027287367,0,0
0,0.049485397,0.049485397,1,1
0,7.559083e-05,7.559237e-05,0,0
0,5.812458e-05,5.8124377e-05,0,0
0,3.3605258e-05,3.3605742e-05,0,0
0,5.6886976e-05,5.6887962e-05,0,0
0,2.0057405e-05,2.005791e-05,0,0
0,3.5649955e-05,3.564869e-05,0,0
0,0.00024920006,0.0002491977,0,0
0,4.2978907e-05,4.2980304e-05,0,0
0,0.0007089125,0.00070891593,0,0
0,1.977084e-05,1.9771398e-05,0,0
0,1.5966958e-05,1.596713e-05,0,0
0,6.224483e-05,6.224687e-05,0,0
0,4.4458593e-05,4.4457935e-05,0,0
1,0.000621928,0.0006219234,0,0
0,0.00026446485,0.00026445146,0,0
0,6.373681e-05,6.373565e-05,0,0
0,7.067094e-05,7.067135e-05,0,0
0,0.0001287304,0.00012873017,0,0
0,3.699766e-05,3.699843e-05,0,0
1,0.00013503183,0.00013503229,0,0
0,0.00024450952,0.00024450896,0,0
0,0.00023387525,0.00023387522,0,0
0,2.8339717e-05,2.8339731e-05,0,0
0,0.00010386424,0.00010386357,0,0
0,0.00020832772,0.0002083277,0,0
0,7.111615e-05,7.111859e-05,0,0
0,0.0002006954,0.00020069846,0,0
0,6.1767925e-05,6.1767896e-05,0,0
0,0.00021202878,0.00021203041,0,0
0,2.5189982e-05,2.5189162e-05,0,0
0,8.541166e-05,8.5405605e-05,0,0
0,0.000119931334,0.000119929085,0,0
0,3.7200527e-05,3.7200367e-05,0,0
0,0.00017837695,0.0001783787,0,0
0,3.9508846e-05,3.9510163e-05,0,0
0,0.0006417133,0.00064171496,0,0
0,0.00047239417,0.0004723942,0,0
0,1.6189339e-05,1.6189688e-05,0,0
1,1.0215973,1.0215964,1,1
0,0.0006932045,0.0006931981,0,0
0,0.0001924316,0.00019243434,0,0
1,1.456841,1.456842,1,1
0,5.1926294e-05,5.192544e-05,0,0
0,3.119839e-05,3.119804e-05,0,0
0,4.6755726e-05,4.6755547e-05,0,0
0,2.009508e-05,2.0095287e-05,0,0
1,0.62935936,0.62936026,1,1
0,5.942831e-05,5.9426424e-05,0,0
1,3.022393e-05,3.0223295e-05,0,0
1,0.31582117,0.3158203,1,1
0,0.000106056475,0.00010606024,0,0
0,0.00010218149,0.00010218171,0,0
1,0.08447812,0.084478535,1,1
0,9.61647e-05,9.6166244e-05,0,0
0,0.0002369187,0.0002369152,0,0
0,0.00012471352,0.000124717,0,0
0,7.556384e-05,7.556371e-05,0,0
0,9.5737916e-05,9.5739735e-05,0,0
0,8.825777e-05,8.825897e-05,0,0
0,9.66327e-05,9.66337e-05,0,0
0,0.00029617883,0.00029618162,0,0
0,0.00043599578,0.00043599436,0,0
0,1.569371e-05,1.5693628e-05,0,0
1,0.0013349243,0.0013349253,0,0
0,0.00028928186,0.0002892837,0,0
0,0.00022800236,0.00022800533,0,0
0,8.7519846e-05,8.752106e-05,0,0
0,3.9753668e-05,3.975507e-05,0,0
0,0.00019737791,0.00019737876,0,0
0,0.00080977817,0.00080978236,0,0
0,5.237952e-05,5.238214e-05,0,0
0,5.6428154e-05,5.6426565e-05,0,0
0,0.00037199885,0.00037199736,0,0
0,0.00015632478,0.00015632577,0,0
0,0.0002379351,0.00023793684,0,0
0,5.6775014e-05,5.677533e-05,0,0
0,4.7503607e-05,4.7502635e-05,0,0
0,0.0008736321,0.00087363296,0,0
0,0.00017334131,0.00017334142,0,0
0,0.0001427809,0.00014278073,0,0
0,0.000107950495,0.00010795316,0,0
1,0.037453827,0.03745398,1,1
0,1.3387114e-05,1.3385824e-05,0,0
0,0.00041077103,0.000410773,0,0
0,0.0001056059,0.00010560366,0,0
0,6.546374e-05,6.546561e-05,0,0
1,0.18652304,0.18652213,1,1
1,0.053166613,0.05316697,1,1
0,1.0179744e-05,1.0179407e-05,0,0
1,0.9797352,0.97973543,1,1
0,5.5936678e-05,5.5936736e-05,0,0
1,0.26504332,0.26504356,1,1
0,0.00021393147,0.00021393185,0,0
0,0.00029169684,0.00029169608,0,0
1,1.7544478,1.7544489,1,1
0,0.00019507059,0.00019507059,0,0
0,0.000104640436,0.00010464254,0,0
0,4.9869774e-05,4.9869326e-05,0,0
0,0.00014478397,0.000144784,0,0
0,6.8921014e-05,6.8920584e-05,0,0
0,0.00048495657,0.00048496155,0,0
0,4.6274068e-05,4.6275076e-05,0,0
0,0.00052912784,0.0005291278,0,0
0,0.00022400543,0.0002240034,0,0
0,0.00016714925,0.00016714876,0,0
1,0.2628143,0.26281366,1,1
0,0.0008068853,0.0008068832,0,0
0,8.924015e-05,8.9240806e-05,0,0
0,0.00073881034,0.0007388161,0,0
0,0.00024221094,0.00024221162,0,0
0,0.00023579197,0.00023579586,0,0
0,0.00031178765,0.00031178613,0,0
0,0.0004355768,0.00043557349,0,0
0,4.4812445e-05,4.4812954e-05,0,0
1,0.12771235,0.12771215,1,1
0,0.00017060863,0.0001706109,0,0
0,0.00011531832,0.0001153188,0,0
0,0.00017164141,0.00017164151,0,0
0,0.00018571648,0.00018571383,0,0
0,0.00026006586,0.00026006947,0,0
0,2.1544038e-05,2.1544323e-05,0,0
0,0.000953519,0.00095352164,0,0
0,0.00011686711,0.00011686687,0,0
0,0.0005246287,0.00052462466,0,0
0,0.00046845587,0.00046845575,0,0
0,5.7260582e-05,5.7262903e-05,0,0
0,0.00010311686,0.00010311731,0,0
1,0.00046113133,0.00046113363,0,0
0,2.3991604e-05,2.3992494e-05,0,0
0,8.9695815e-05,8.9698675e-05,0,0
0,0.00014610626,0.00014610785,0,0
1,0.00033621685,0.00033621956,0,0
1,0.0011785189,0.0011785213,0,0
0,0.00012333225,0.00012333329,0,0
0,0.0013392117,0.0013392059,0,0
0,7.42381e-05,7.423813e-05,0,0
0,0.00038010915,0.00038010933,0,0
1,0.000116675634,0.00011667411,0,0
1,0.00029967268,0.00029966523,0,0
0,0.000101053796,0.00010105626,0,0
0,1.482201e-05,1.4821447e-05,0,0
0,0.00014882878,0.00014882552,0,0
0,2.5446876e-05,2.5446896e-05,0,0
0,0.0001305148,0.0001305141,0,0
0,0.00079483044,0.00079483376,0,0
0,0.00027322475,0.00027322336,0,0
0,9.1895105e-05,9.189974e-05,0,0
1,0.00070306036,0.0007030627,0,0
0,3.1480955e-05,3.1479514e-05,0,0
0,3.859623e-05,3.8597198e-05,0,0
0,0.00043086507,0.00043086684,0,0
0,0.0001758918,0.00017589075,0,0
1,1.2555934,1.255593,1,1
0,1.5697566e-05,1.5696723e-05,0,0
0,5.0706032e-05,5.0707906e-05,0,0
0,0.0008513741,0.00085137435,0,0
0,5.7486923e-05,5.7486683e-05,0,0
0,7.538153e-05,7.538181e-05,0,0
1,0.00013798596,0.00013798058,0,0
0,3.8960872e-05,3.8960952e-05,0,0
0,6.781747e-05,6.78173e-05,0,0
0,2.5449654e-05,2.5451087e-05,0,0
0,8.5249e-05,8.524808e-05,0,0
0,0.0001449121,0.00014491232,0,0
0,3.7170437e-05,3.7170026e-05,0,0
0,1.6413615e-05,1.6413464e-05,0,0
0,6.297288e-05,6.2972475e-05,0,0
0,7.885063e-05,7.885016e-05,0,0
0,2.362599e-05,2.3626375e-05,0,0
0,0.00015279773,0.00015279862,0,0
0,9.0442605e-05,9.044446e-05,0,0
0,0.00010795894,0.00010795982,0,0
0,5.0498013e-05,5.049753e-05,0,0
0,9.398651e-05,9.3983275e-05,0,0
0,0.00024151016,0.00024150993,0,0
0,0.0001195739,0.000119573124,0,0
0,0.00034861092,0.00034861072,0,0
0,3.815399e-05,3.8153605e-05,0,0
0,0.00048173332,0.00048173798,0,0
0,9.941525e-05,9.941621e-05,0,0
0,0.00016923268,0.00016923295,0,0
0,0.00025816026,0.0002581587,0,0
0,4.075561e-05,4.0754923e-05,0,0
0,0.0007653806,0.00076538225,0,0
0,7.077356e-05,7.0773756e-05,0,0
0,6.589439e-05,6.589479e-05,0,0
1,0.0001772263,0.00017722735,0,0
0,7.324787e-05,7.324676e-05,0,0
0,0.0005939365,0.00059393415,0,0
0,9.4128976e-05,9.41266e-05,0,0
1,4.2398315e-05,4.239904e-05,0,0
0,4.730369e-05,4.7303445e-05,0,0
0,8.8330016e-05,8.832803e-05,0,0
0,2.4302948e-05,2.4303154e-05,0,0
0,0.00014069917,0.00014070046,0,0
0,0.0007702859,0.0007702827,0,0
1,0.13955131,0.13955063,1,1
0,0.00010472839,0.000104727726,0,0
0,0.00018491142,0.00018491114,0,0
0,0.0001562785,0.00015627792,0,0
0,0.00026039733,0.00026039642,0,0
0,4.073771e-05,4.0735784e-05,0,0
0,9.546103e-05,9.546478e-05,0,0
0,3.6864923e-05,3.6865593e-05,0,0
0,0.0011329567,0.0011329631,0,0
1,0.16544236,0.16544221,1,1
0,0.00061747123,0.0006174747,0,0
1,2.0574048,2.0574055,1,1
0,0.008804002,0.008804031,1,1
1,1.3444508,1.3444515,1,1
0,0.00014527868,0.00014528052,0,0
0,0.00026458898,0.00026458534,0,0
0,0.0015082344,0.0015082355,0,0
0,0.00039886808,0.00039886698,0,0
0,0.00052018085,0.0005201819,0,0
0,0.00020593019,0.00020592923,0,0
0,0.00042011426,0.0004201122,0,0
1,0.11181285,0.11181346,1,1
0,0.0002246122,0.00022460904,0,0
0,0.00044152277,0.00044151992,0,0
0,8.196734e-05,8.1968086e-05,0,0
0,0.00022887603,0.00022887612,0,0
0,7.296338e-05,7.2963245e-05,0,0
0,0.00028276964,0.0002827693,0,0
0,1.3825801e-05,1.382591e-05,0,0
0,4.6633224e-05,4.663273e-05,0,0
0,8.660162e-05,8.660497e-05,0,0
0,0.00012298049,0.00012298273,0,0
0,5.221333e-05,5.221329e-05,0,0
0,0.00015981325,0.00015981424,0,0
0,1.69843e-05,1.698498e-05,0,0
0,5.1758136e-05,5.176003e-05,0,0
0,0.0001760613,0.00017606134,0,0
0,6.308502e-05,6.308602e-05,0,0
0,0.00016293784,0.00016293801,0,0
0,0.0010609466,0.0010609422,0,0
1,0.00037549227,0.00037549876,0,0
0,7.2042654e-05,7.204177e-05,0,0
0,2.1056665e-05,2.105737e-05,0,0
0,0.000107595544,0.00010759285,0,0
0,0.0007529997,0.0007529953,0,0
0,0.00026604932,0.00026605063,0,0
0,5.949262e-05,5.9494658e-05,0,0
0,3.627326e-05,3.627471e-05,0,0
0,0.0031973806,0.0031973515,1,1
0,0.00023664736,0.00023664896,0,0
0,0.00012104755,0.00012105035,0,0
0,2.2194346e-05,2.2193264e-05,0,0
0,1.8236986e-05,1.8237746e-05,0,0
0,6.8776055e-05,6.877586e-05,0,0
0,0.00018595508,0.00018595658,0,0
0,0.00016697448,0.00016698579,0,0
0,0.00038601013,0.00038601414,0,0
0,0.0006880719,0.0006880704,0,0
0,0.00039363597,0.00039363466,0,0
0,9.686491e-05,9.686454e-05,0,0
1,0.18713073,0.18713123,1,1
1,0.16437706,0.16437767,1,1
0,0.00015112535,0.00015112468,0,0
1,0.2534798,0.25348243,1,1
0,0.000112660055,0.00011266178,0,0
0,0.00021542625,0.00021542651,0,0
0,3.7062662e-05,3.7062673e-05,0,0
0,4.1571027e-05,4.157198e-05,0,0
0,3.6492016e-05,3.6491576e-05,0,0
0,3.426133e-05,3.426066e-05,0,0
0,0.00033028144,0.00033028112,0,0
0,0.0013563294,0.0013563265,0,0
0,3.0203295e-05,3.0202364e-05,0,0
0,0.0010800711,0.0010800821,0,0
0,7.7151e-05,7.714968e-05,0,0
0,0.00032972576,0.00032972998,0,0
0,0.0003281361,0.00032813568,0,0
0,3.7079062e-05,3.707916e-05,0,0
0,0.00010213142,0.00010212991,0,0
0,6.5919834e-05,6.591928e-05,0,0
0,0.00017977161,0.00017977033,0,0
0,2.315788e-05,2.3156297e-05,0,0
0,4.0918127e-05,4.0919364e-05,0,0
0,0.00026684054,0.00026684173,0,0
0,9.024122e-05,9.024153e-05,0,0
0,0.00025553218,0.0002555256,0,0
0,4.7621044e-05,4.762069e-05,0,0
0,8.08276e-05,8.082841e-05,0,0
0,0.00029590927,0.00029590816,0,0
1,0.2646084,0.26460773,1,1
0,5.194986e-05,5.194848e-05,0,0
0,0.00012625316,0.00012625456,0,0
0,0.00016215148,0.00016215307,0,0
1,0.0001941662,0.00019416586,0,0
0,0.00028535983,0.00028535712,0,0
0,2.7910284e-05,2.7910182e-05,0,0
0,7.021558e-05,7.021562e-05,0,0
0,3.0560575e-05,3.0558956e-05,0,0
0,0.0004954924,0.0004954934,0,0
0,5.1218492e-05,5.1219657e-05,0,0
0,0.00013644678,0.00013644852,0,0
0,0.00014186937,0.00014186872,0,0
1,1.0077027,1.0077033,1,1
0,0.00018781946,0.00018782011,0,0
0,0.00067209866,0.00067209196,0,0
0,0.00031158506,0.0003115871,0,0
0,0.00041422664,0.00041423086,0,0
0,0.00017654087,0.00017653986,0,0
0,4.5650788e-05,4.5651133e-05,0,0
0,8.011516e-05,8.011233e-05,0,0
0,9.778987e-05,9.7788776e-05,0,0
0,8.589103e-05,8.589161e-05,0,0
0,0.0036389239,0.0036389108,1,1
0,6.132297e-05,6.132223e-05,0,0
0,0.00084883865,0.0008488395,0,0
0,0.0004577675,0.00045776716,0,0
1,0.6297479,0.62974733,1,1
0,0.00017672806,0.00017672863,0,0
1,0.6922004,0.69220066,1,1
0,0.00016813182,0.00016813264,0,0
0,9.014047e-05,9.0140464e-05,0,0
0,4.8131977e-05,4.813152e-05,0,0
0,0.00018320531,0.00018320749,0,0
0,0.0002753031,0.0002753009,0,0
0,0.00012279127,0.0001227921,0,0
0,0.00033968023,0.0003396786,0,0
0,0.0014648796,0.0014648755,0,0
0,5.1239233e-05,5.1245413e-05,0,0
1,4.1919557e-05,4.191815e-05,0,0
1,0.11703626,0.11703541,1,1
0,6.8028596e-05,6.802986e-05,0,0
0,9.1229194e-05,9.122738e-05,0,0
0,0.0004450966,0.00044509562,0,0
0,9.612744e-05,9.61276e-05,0,0
0,0.0001292356,0.0001292358,0,0
0,0.0007713381,0.00077133207,0,0
0,0.00014867996,0.00014867996,0,0
0,0.0006995033,0.0006994963,0,0
0,5.5292243e-05,5.529378e-05,0,0
1,1.1198956,1.1198963,1,1
0,0.00015469712,0.00015469526,0,0
0,0.0002420394,0.00024204045,0,0
0,0.00078250206,0.0007825115,0,0
0,0.00029156843,0.00029156916,0,0
0,0.00011629014,0.000116292744,0,0
0,8.845685e-05,8.845521e-05,0,0
0,0.00038449536,0.0003844948,0,0
0,8.080455e-05,8.080548e-05,0,0
0,8.241186e-05,8.2411396e-05,0,0
0,8.493745e-06,8.494205e-06,0,0
0,0.00011873773,0.0001187384,0,0
0,8.324038e-05,8.323914e-05,0,0
1,0.928668,0.92866784,1,1
0,8.171428e-05,8.17148e-05,0,0
1,0.00059886416,0.0005988635,0,0
0,9.30632e-05,9.306185e-05,0,0
0,0.00020843063,0.00020843164,0,0
0,9.341565e-05,9.3415285e-05,0,0
0,0.00021760452,0.00021760458,0,0
0,0.002018117,0.0020181125,1,1
1,0.00013959338,0.0001395919,0,0
0,1.9478368e-05,1.9477788e-05,0,0
0,0.00017913687,0.00017913709,0,0
0,0.00027068867,0.00027069057,0,0
0,9.0164045e-05,9.016491e-05,0,0
0,0.00024653284,0.00024653226,0,0
0,8.427961e-05,8.4283005e-05,0,0
0,5.8300484e-06,5.830308e-06,0,0
0,0.0002763728,0.00027637216,0,0
0,4.6611367e-05,4.661101e-05,0,0
0,0.00018840867,0.00018840871,0,0
0,0.0007569021,0.0007569122,0,0
0,0.0004028687,0.000402863,0,0
0,5.1054845e-05,5.1054998e-05,0,0
0,0.0004124219,0.0004124213,0,0
0,3.4007302e-05,3.4006945e-05,0,0
0,0.00046542307,0.00046542267,0,0
0,0.00030704393,0.0003070431,0,0
0,0.000164448,0.00016444777,0,0
0,6.535862e-05,6.536029e-05,0,0
0,9.9000434e-05,9.899858e-05,0,0
0,0.00011120321,0.00011120084,0,0
0,0.00036373068,0.00036373173,0,0
0,2.5371555e-05,2.5371408e-05,0,0
0,4.2245432e-05,4.2245138e-05,0,0
0,0.0009648905,0.00096489344,0,0
0,0.00014354188,0.00014354424,0,0
0,0.00026584405,0.0002658463,0,0
0,0.00014820968,0.00014821095,0,0
0,1.8703506e-05,1.8703318e-05,0,0
0,0.013492175,0.013492197,1,1
0,0.00015226893,0.00015227425,0,0
1,0.0001284473,0.00012845123,0,0
0,0.00034634408,0.000346343,0,0
0,1.8852501e-05,1.8852237e-05,0,0
0,0.00023818277,0.00023818466,0,0
0,0.00019550626,0.00019550626,0,0
0,9.827531e-05,9.8275246e-05,0,0
0,0.000105201536,0.00010520113,0,0
1,0.0001530416,0.00015304018,0,0
0,4.171064e-05,4.171125e-05,0,0
1,0.6288963,0.6288965,1,1
0,0.00021289395,0.00021289497,0,0
0,8.4352585e-05,8.43521e-05,0,0
0,0.00011514156,0.00011514125,0,0
0,6.726096e-05,6.726117e-05,0,0
0,8.388318e-05,8.388474e-05,0,0
0,0.00021853925,0.00021853465,0,0
0,0.00027214945,0.00027214657,0,0
0,7.069439e-05,7.069463e-05,0,0
1,0.00018101795,0.00018101808,0,0
0,4.4771878e-05,4.4771583e-05,0,0
1,1.2110807,1.2110813,1,1
0,0.00018541551,0.00018541639,0,0
0,9.195451e-06,9.195367e-06,0,0
0,2.1996362e-05,2.1995793e-05,0,0
1,0.0012453166,0.0012453145,0,0
0,0.0001610997,0.00016109952,0,0
0,0.00030222963,0.00030222978,0,0
0,0.00011915743,0.00011915853,0,0
0,0.00034317424,0.00034317118,0,0
0,2.9083765e-05,2.908395e-05,0,0
0,3.9733306e-05,3.9734947e-05,0,0
0,9.8339806e-05,9.8341894e-05,0,0
0,8.337988e-05,8.3381434e-05,0,0
1,9.8701275e-05,9.8702294e-05,0,0
0,2.7357497e-05,2.7358137e-05,0,0
0,2.5622552e-05,2.5621739e-05,0,0
0,0.00019932214,0.00019932257,0,0
0,0.00012322879,0.00012322747,0,0
0,9.724754e-05,9.724585e-05,0,0
0,3.759262e-05,3.759161e-05,0,0
0,0.0003182953,0.00031829608,0,0
0,0.00010902217,0.00010902543,0,0
0,2.9053406e-05,2.9052862e-05,0,0
0,0.0002807258,0.00028072344,0,0
0,0.00024833137,0.00024833536,0,0
0,0.0064948867,0.00649491,1,1
0,5.2522606e-05,5.2522515e-05,0,0
0,0.00059549796,0.0005955005,0,0
0,1.8301003e-05,1.8300894e-05,0,0
0,0.00021831733,0.00021831701,0,0
0,0.000121258054,0.00012125554,0,0
0,7.1426846e-05,7.142664e-05,0,0
1,0.00027481368,0.00027481403,0,0
0,5.5615306e-05,5.5616165e-05,0,0
0,1.1506522e-05,1.1505906e-05,0,0
0,8.447737e-05,8.44753e-05,0,0
0,0.00012253075,0.00012253194,0,0
0,7.030938e-05,7.03107e-05,0,0
0,0.00019357528,0.0001935786,0,0
0,0.00020749694,0.00020749781,0,0
0,0.0002205932,0.00022059293,0,0
0,0.0001407753,0.0001407744,0,0
0,0.0001674187,0.0001674187,0,0
0,4.652047e-05,4.6520843e-05,0,0
0,0.00063185213,0.000631851,0,0
0,0.00025241167,0.0002524143,0,0
0,0.00010899723,0.00010900031,0,0
0,0.0001012999,0.00010130043,0,0
0,6.255689e-05,6.2554354e-05,0,0
0,5.173913e-05,5.173904e-05,0,0
0,0.00037756082,0.00037756152,0,0
0,0.00020545056,0.0002054514,0,0
0,0.00016356695,0.00016356696,0,0
1,0.00081978535,0.0008197802,0,0
1,0.00017096195,0.0001709626,0,0
0,0.00051838945,0.00051839196,0,0
0,0.00010669866,0.00010669827,0,0
0,7.0650734e-05,7.065045e-05,0,0
1,0.0007020628,0.0007020668,0,0
0,0.00018036936,0.00018036757,0,0
0,4.274404e-05,4.274331e-05,0,0
0,0.00027778727,0.00027778491,0,0
0,0.00016586133,0.00016586464,0,0
0,0.00016559778,0.00016559898,0,0
0,0.00052992225,0.00052992307,0,0
0,0.00021414524,0.0002141449,0,0
0,0.00029929332,0.00029929352,0,0
0,0.00010669682,0.000106697415,0,0
0,0.00011780529,0.000117805605,0,0
0,0.00038356349,0.00038356226,0,0
0,0.00021740132,0.00021740019,0,0
0,0.00042128854,0.00042128863,0,0
0,0.00015058524,0.00015058034,0,0
0,2.5318464e-05,2.5319263e-05,0,0
0,0.0005695477,0.0005695503,0,0
1,0.8311798,0.83117986,1,1
0,0.00012409389,0.00012409348,0,0
0,0.00034249478,0.00034249388,0,0
0,6.493264e-05,6.49347e-05,0,0
0,0.00034755425,0.00034755326,0,0
0,0.00026140673,0.00026140697,0,0
0,0.0031037827,0.0031037927,1,1
0,0.00025959688,0.00025959514,0,0
0,0.00012590982,0.00012590841,0,0
0,0.00010190439,0.000101901904,0,0
1,0.67992514,0.6799254,1,1
0,0.00012483088,0.00012483039,0,0
0,0.00028661638,0.00028661665,0,0
0,0.0001666392,0.00016663889,0,0
0,0.00024175417,0.00024175395,0,0
0,0.000116204035,0.00011620115,0,0
0,0.00015765928,0.00015765782,0,0
0,0.00025304442,0.00025304707,0,0
0,3.2892145e-05,3.2892825e-05,0,0
0,3.4665616e-05,3.466723e-05,0,0
0,0.00020254847,0.00020254533,0,0
0,0.00032828216,0.0003282831,0,0
0,9.433742e-05,9.433887e-05,0,0
0,0.00019983503,0.000199833,0,0
0,0.00013661907,0.00013662002,0,0
0,2.5356914e-05,2.5357285e-05,0,0
0,9.858084e-05,9.858133e-05,0,0
0,3.774242e-05,3.774278e-05,0,0
0,0.00024922568,0.00024922454,0,0
0,0.00012106558,0.000121065386,0,0
0,4.1069183e-05,4.10709e-05,0,0
0,0.00013049752,0.00013049912,0,0
0,1.927987e-05,1.928015e-05,0,0
1,0.0012593745,0.0012593662,0,0
0,0.00012760796,0.00012760579,0,0
0,0.000206915,0.0002069128,0,0
0,1.1204942e-05,1.1205583e-05,0,0
0,1.0502586e-05,1.0502156e-05,0,0
0,0.00039750434,0.00039749927,0,0
0,0.00012718137,0.0001271827,0,0
0,8.318181e-05,8.3183135e-05,0,0
0,0.00017953599,0.00017953607,0,0
0,0.00014356083,0.00014356342,0,0
0,0.00037064202,0.00037064185,0,0
0,1.761535e-05,1.7615313e-05,0,0
0,0.0005951253,0.0005951265,0,0
0,4.888084e-05,4.8882048e-05,0,0
0,4.607969e-05,4.6080662e-05,0,0
0,2.5846513e-05,2.584536e-05,0,0
0,0.0015745546,0.0015745609,1,1
0,0.00022984075,0.00022983788,0,0
0,0.00035074967,0.00035074944,0,0
0,3.6991118e-05,3.6992205e-05,0,0
0,0.00016414707,0.00016414806,0,0
0,2.8313072e-05,2.8312876e-05,0,0
0,0.0012625643,0.0012625579,0,0
0,0.00041868378,0.00041868267,0,0
0,0.0001634799,0.00016348016,0,0
0,1.3322591e-05,1.3323474e-05,0,0
0,0.0001297099,0.00012970871,0,0
0,0.00012593689,0.00012593794,0,0
0,2.950683e-05,2.950638e-05,0,0
0,0.00070257887,0.00070256996,0,0
0,0.00011922707,0.000119224125,0,0
0,0.00010022606,0.000100226745,0,0
0,0.00034520953,0.00034520452,0,0
0,0.00044662508,0.0004466296,0,0
0,0.00012546148,0.00012546114,0,0
0,7.6770586e-05,7.676971e-05,0,0
0,3.123142e-05,3.123096e-05,0,0
0,0.000124628,0.00012462707,0,0
0,0.00023124763,0.00023124582,0,0
0,6.327212e-05,6.327472e-05,0,0
0,7.7320845e-05,7.732069e-05,0,0
1,0.07568217,0.075682536,1,1
0,3.4098262e-05,3.409784e-05,0,0
0,0.00042663515,0.00042663387,0,0
1,1.3961797,1.3961798,1,1
0,2.5740324e-05,2.5740885e-05,0,0
0,0.00010029491,0.00010029326,0,0
0,2.9433648e-05,2.943437e-05,0,0
0,0.000113858296,0.00011385799,0,0
0,0.00037161715,0.00037161924,0,0
0,0.00021053238,0.00021053397,0,0
0,0.0001448217,0.0001448198,0,0
0,0.0002923881,0.0002923891,0,0
0,0.00018761955,0.00018761754,0,0
0,7.327539e-05,7.3276104e-05,0,0
0,0.00016183697,0.00016183448,0,0
0,2.6375079e-05,2.6375159e-05,0,0
0,4.753422e-05,4.753323e-05,0,0
1,0.5392019,0.53920144,1,1
0,0.00035731323,0.00035730714,0,0
0,5.800124e-05,5.800011e-05,0,0
0,0.00015065864,0.00015065807,0,0
0,0.00031253754,0.0003125378,0,0
0,0.00010781823,0.00010781832,0,0
0,0.00018262972,0.00018262782,0,0
0,2.146256e-05,2.1462329e-05,0,0
0,6.0885966e-05,6.088677e-05,0,0
0,5.9432215e-05,5.9432467e-05,0,0
0,6.3511055e-05,6.3512234e-05,0,0
0,0.0005501414,0.0005501407,0,0
0,0.0004903057,0.00049030187,0,0
0,6.4412416e-05,6.441377e-05,0,0
0,4.127994e-05,4.1280404e-05,0,0
1,0.056649745,0.056650233,1,1
0,0.00011363748,0.00011363474,0,0
0,7.992302e-05,7.992043e-05,0,0
0,9.65827e-05,9.658005e-05,0,0
0,0.0001470486,0.00014704927,0,0
0,0.00015763401,0.00015763508,0,0
0,0.00028484027,0.00028484105,0,0
0,0.0001434177,0.00014341618,0,0
0,0.00017791479,0.0001779165,0,0
0,0.00031427055,0.00031427227,0,0
0,8.533519e-05,8.5338215e-05,0,0
0,0.00029176637,0.00029176817,0,0
0,6.826751e-05,6.826707e-05,0,0
0,0.00017661297,0.00017661219,0,0
0,0.00012743128,0.00012743183,0,0
0,4.1920564e-05,4.192193e-05,0,0
1,0.14506267,0.14506179,1,1
0,0.00011745873,0.00011745844,0,0
0,1.51432005e-05,1.5142432e-05,0,0
0,0.00015218732,0.00015218924,0,0
0,0.00021769576,0.00021769998,0,0
0,0.00014542743,0.00014542694,0,0
0,0.0002970409,0.00029704196,0,0
0,3.691603e-05,3.6915615e-05,0,0
0,3.687007e-05,3.6870304e-05,0,0
0,0.00017217164,0.00017217326,0,0
0,8.726749e-05,8.7263725e-05,0,0
0,4.3581207e-05,4.3581415e-05,0,0
0,4.543809e-05,4.5438617e-05,0,0
0,3.6682362e-05,3.6682046e-05,0,0
0,6.27337e-05,6.273613e-05,0,0
0,3.4157558e-05,3.415781e-05,0,0
1,0.00013854615,0.00013854791,0,0
0,1.616058e-05,1.6159747e-05,0,0
0,0.0002007232,0.00020072363,0,0
0,0.00015428678,0.00015428734,0,0
0,0.00015821005,0.00015821039,0,0
0,8.8787325e-05,8.8788045e-05,0,0
0,0.00022106509,0.00022106525,0,0
0,0.00028894897,0.00028894327,0,0
0,6.544317e-05,6.544343e-05,0,0
0,0.00017391158,0.0001739118,0,0
0,0.00044701438,0.00044701868,0,0
0,0.00013652073,0.00013651952,0,0
0,7.3226634e-05,7.322643e-05,0,0
0,9.396884e-06,9.396944e-06,0,0
0,9.13096e-05,9.131007e-05,0,0
0,0.00016046081,0.00016046292,0,0
0,0.00016501581,0.00016501657,0,0
0,3.7462116e-05,3.7461945e-05,0,0
0,0.0003240291,0.00032403218,0,0
1,0.23303254,0.23303409,1,1
0,0.00012183804,0.00012184068,0,0
0,3.1567874e-05,3.1569096e-05,0,0
0,0.00015107945,0.00015107953,0,0
0,0.00026036723,0.0002603669,0,0
1,0.20097238,0.20097159,1,1
1,7.8841e-05,7.884153e-05,0,0
0,0.00031872888,0.0003187283,0,0
0,5.09309e-05,5.0930288e-05,0,0
0,0.00014852764,0.0001485264,0,0
0,0.00012887918,0.00012887306,0,0
0,2.7410979e-05,2.7410808e-05,0,0
0,0.00014102912,0.00014103063,0,0
0,0.00047674798,0.0004767454,0,0
0,0.00015152975,0.00015152873,0,0
0,6.253095e-05,6.2530045e-05,0,0
0,0.00014226283,0.00014226425,0,0
0,8.850473e-05,8.850708e-05,0,0
1,1.2731719,1.273172,1,1
0,0.0005081613,0.000508171,0,0
0,0.00014327522,0.0001432746,0,0
0,3.949269e-05,3.9494415e-05,0,0
0,6.92738e-05,6.9271926e-05,0,0
0,0.011416201,0.011416223,1,1
0,0.00067057606,0.00067057234,0,0
0,1.2037509e-05,1.2037976e-05,0,0
0,0.00015261777,0.00015261851,0,0
0,0.000248943,0.00024894322,0,0
0,0.00045725747,0.00045726425,0,0
1,0.0019003139,0.0019003246,1,1
0,0.00052857,0.0005285666,0,0
0,1.5084217e-05,1.5084105e-05,0,0
0,0.00047411254,0.0004741197,0,0
0,1.6785756e-05,1.6785274e-05,0,0
0,0.0007657269,0.0007657269,0,0
0,6.6254266e-05,6.625542e-05,0,0
0,0.00026031304,0.00026031575,0,0
0,0.00031578806,0.00031578474,0,0
0,0.00042403562,0.00042403853,0,0
0,0.00022429287,0.00022429315,0,0
0,0.00024132691,0.00024132757,0,0
0,0.00016271103,0.0001627094,0,0
0,2.629632e-05,2.6297852e-05,0,0
0,0.0017659968,0.0017660023,1,1
0,0.0002391467,0.00023914823,0,0
0,4.1403473e-05,4.1403444e-05,0,0
0,0.0002608983,0.00026089797,0,0
1,0.0025118568,0.0025118522,1,1
0,3.804969e-05,3.8050362e-05,0,0
0,2.4034984e-05,2.4036368e-05,0,0
1,0.07021904,0.07021917,1,1
0,3.9215363e-05,3.92149e-05,0,0
0,7.708869e-05,7.708965e-05,0,0
0,5.895554e-05,5.8956193e-05,0,0
0,0.000144442,0.00014444377,0,0
0,0.00041327928,0.0004132782,0,0
0,8.619179e-05,8.619209e-05,0,0
1,0.107493825,0.10749402,1,1
0,9.010007e-05,9.009937e-05,0,0
0,3.7435868e-05,3.743519e-05,0,0
0,0.00018831679,0.00018832064,0,0
0,9.280287e-05,9.280237e-05,0,0
0,0.00024201012,0.00024201925,0,0
0,0.00012217715,0.00012217791,0,0
0,6.864321e-05,6.864542e-05,0,0
0,0.0002383719,0.00023837015,0,0
0,0.00026213456,0.00026213724,0,0
0,1.3476866e-05,1.3478257e-05,0,0
0,0.00022742676,0.0002274228,0,0
0,0.00025199298,0.0002519939,0,0
0,0.0001787925,0.00017879119,0,0
0,0.00045591625,0.00045591433,0,0
0,0.000125006,0.00012500513,0,0
0,1.7086968e-05,1.7086122e-05,0,0
0,5.387049e-05,5.387655e-05,0,0
0,4.0942377e-05,4.094123e-05,0,0
0,0.00019890237,0.00019890342,0,0
1,0.51396227,0.5139623,1,1
0,0.00010090449,0.000100905054,0,0
0,0.00069040625,0.00069040834,0,0
0,0.0007103537,0.0007103541,0,0
0,0.00013691599,0.00013691727,0,0
0,6.892908e-05,6.892699e-05,0,0
0,4.7458645e-05,4.7458667e-05,0,0
0,2.5499436e-05,2.5500427e-05,0,0
0,0.00018247469,0.0001824757,0,0
0,1.4949433e-05,1.4949328e-05,0,0
0,7.3046285e-05,7.304591e-05,0,0
0,0.0002891156,0.00028911637,0,0
0,0.00016149825,0.00016149934,0,0
0,0.00031151576,0.00031151413,0,0
0,0.00011719608,0.00011719769,0,0
0,0.0009609084,0.0009609103,0,0
1,0.00014182704,0.00014182673,0,0
0,4.2167147e-05,4.216693e-05,0,0
0,8.484136e-05,8.4843196e-05,0,0
1,0.00034297304,0.00034297246,0,0
0,8.8391644e-05,8.838895e-05,0,0
1,0.08174474,0.08174535,1,1
1,0.10478892,0.10478938,1,1
0,9.5543095e-05,9.5543226e-05,0,0
0,0.00016667985,0.00016667909,0,0
0,3.879069e-05,3.8790666e-05,0,0
0,0.0001996814,0.00019968236,0,0
0,1.8020755e-05,1.8020346e-05,0,0
0,0.00015624761,0.00015624572,0,0
0,0.00022549933,0.00022550125,0,0
0,5.6868652e-05,5.6866673e-05,0,0
0,8.587706e-05,8.5878906e-05,0,0
0,9.148141e-05,9.1480644e-05,0,0
0,0.00051828235,0.0005182833,0,0
0,3.1759893e-05,3.1759755e-05,0,0
0,0.00027521676,0.00027521595,0,0
1,0.28608963,0.28608906,1,1
0,0.00033492036,0.00033492094,0,0
0,0.0001559155,0.000155915,0,0
1,9.022751e-05,9.022897e-05,0,0
0,8.5424865e-05,8.542504e-05,0,0
0,7.417642e-05,7.4174604e-05,0,0
0,5.606246e-05,5.606253e-05,0,0
0,2.6607204e-05,2.6605338e-05,0,0
0,0.00018405567,0.00018405593,0,0
1,0.0006533815,0.0006533857,0,0
0,0.01343764,0.013437626,1,1
0,0.00011336512,0.00011336687,0,0
0,0.0004867804,0.00048677984,0,0
1,0.00015635438,0.00015635422,0,0
0,0.00025835494,0.00025835718,0,0
0,0.00034309822,0.00034310218,0,0
0,0.000678993,0.00067899126,0,0
0,5.4528355e-05,5.4528395e-05,0,0
0,0.00011642674,0.00011642594,0,0
0,0.009734088,0.009734088,1,1
0,0.00080984196,0.00080984033,0,0
0,0.00017878068,0.00017878118,0,0
0,0.0003573637,0.00035736954,0,0
0,0.00015156326,0.00015156405,0,0
0,0.00028230486,0.00028230474,0,0
0,5.168066e-06,5.1681495e-06,0,0
0,9.5403455e-05,9.540285e-05,0,0
0,0.0003340165,0.0003340158,0,0
0,0.00058472954,0.0005847332,0,0
1,0.8873381,0.8873384,1,1
0,0.00016550742,0.00016550675,0,0
0,0.00073940377,0.0007394059,0,0
1,0.050692365,0.05069224,1,1
1,0.14153126,0.14153084,1,1
0,6.009976e-05,6.010229e-05,0,0
0,0.00019240961,0.00019241097,0,0
0,0.00010314055,0.000103139326,0,0
0,2.170852e-05,2.1708891e-05,0,0
1,0.110787176,0.11078757,1,1
0,0.00021460972,0.00021460989,0,0
1,0.56078094,0.56078136,1,1
0,0.00074303104,0.00074302993,0,0
0,0.00031984466,0.00031984207,0,0
0,4.7679427e-05,4.7677197e-05,0,0
0,0.00011880625,0.000118806965,0,0
0,0.0007150721,0.0007150581,0,0
0,6.4563734e-05,6.456493e-05,0,0
0,8.648747e-05,8.64862e-05,0,0
0,5.3975335e-05,5.3975193e-05,0,0
0,0.0003628847,0.00036287945,0,0
0,0.00019692375,0.00019692384,0,0
0,3.7470836e-05,3.747139e-05,0,0
0,9.906726e-05,9.906825e-05,0,0
0,5.0269893e-05,5.0270133e-05,0,0
0,4.209581e-05,4.209617e-05,0,0
0,6.2217376e-05,6.221534e-05,0,0
0,0.00093730516,0.0009373159,0,0
0,0.00019115677,0.00019115572,0,0
0,0.00012626985,0.0001262705,0,0
0,0.000108117354,0.00010811356,0,0
0,0.00039678827,0.0003967878,0,0
0,0.0001340294,0.00013402983,0,0
0,0.00028926806,0.00028926894,0,0
0,0.0006645162,0.0006645201,0,0
0,0.00010749233,0.00010749115,0,0
1,0.23843867,0.23843914,1,1
0,0.00071249466,0.0007124979,0,0
0,0.00017760752,0.0001776064,0,0
0,2.291288e-05,2.2913462e-05,0,0
1,0.22359543,0.22359468,1,1
0,2.280401e-05,2.2805145e-05,0,0
0,0.0011878315,0.0011878262,0,0
0,0.0001618592,0.00016186072,0,0
0,0.0007088794,0.000708881,0,0
0,5.3217736e-05,5.32214e-05,0,0
1,1.6906875,1.6906875,1,1
0,0.00033321886,0.00033321898,0,0
0,4.5702793e-05,4.570198e-05,0,0
1,0.2564805,0.25648108,1,1
0,0.00011877201,0.00011877287,0,0
0,7.725247e-05,7.725196e-05,0,0
0,0.00045007552,0.00045008038,0,0
0,7.175269e-05,7.175439e-05,0,0
0,3.1747208e-05,3.1747182e-05,0,0
0,0.00032576922,0.00032576872,0,0
0,4.53376e-05,4.5336852e-05,0,0
0,8.543572e-05,8.5437205e-05,0,0
0,9.320101e-05,9.320079e-05,0,0
0,0.0002452204,0.0002452196,0,0
0,0.00021628,0.0002162846,0,0
0,5.4680553e-05,5.4681645e-05,0,0
0,9.7412645e-05,9.741116e-05,0,0
0,0.0013373377,0.0013373325,0,0
0,0.00012863234,0.00012863187,0,0
0,0.00037321157,0.0003732088,0,0
0,0.0002164911,0.00021649218,0,0
0,0.00012946078,0.00012946075,0,0
0,5.4605964e-05,5.4605192e-05,0,0
0,0.00012237392,0.00012237426,0,0
0,0.00016349331,0.00016349232,0,0
1,0.00024402735,0.00024402553,0,0
0,1.5302723e-05,1.5303323e-05,0,0
0,1.6971808e-05,1.6972568e-05,0,0
0,0.00017224345,0.00017224607,0,0
0,4.2627522e-05,4.2628588e-05,0,0
0,5.973478e-05,5.9735787e-05,0,0
0,0.00017200132,0.00017199745,0,0
0,6.583039e-05,6.5829394e-05,0,0
1,0.6518028,0.6518027,1,1
0,2.031235e-05,2.0311227e-05,0,0
0,0.0001321059,0.000132106,0,0
0,7.9313584e-05,7.931378e-05,0,0
0,0.000115033705,0.0001150355,0,0
0,0.00015608412,0.00015608435,0,0
0,5.7123678e-05,5.7123707e-05,0,0
0,0.00023128315,0.0002312911,0,0
1,0.0005251291,0.00052512815,0,0
0,2.5516047e-05,2.5516529e-05,0,0
0,6.818695e-05,6.818692e-05,0,0
0,9.215717e-05,9.2154914e-05,0,0
0,0.00019382278,0.0001938194,0,0
0,0.00014360512,0.00014360799,0,0
0,0.00066056737,0.0006605692,0,0
0,0.000410697,0.0004106987,0,0
0,0.00020910006,0.00020909916,0,0
0,0.00017413757,0.00017413941,0,0
0,8.5509666e-05,8.551043e-05,0,0
0,0.0011343816,0.0011343842,0,0
0,0.00016044684,0.00016044216,0,0
0,0.00028890095,0.00028890045,0,0
0,3.426479e-05,3.4265166e-05,0,0
0,2.0598256e-05,2.0598307e-05,0,0
0,0.00064185885,0.0006418578,0,0
0,0.00016641674,0.00016641559,0,0
0,6.8348e-05,6.834801e-05,0,0
0,0.00026746732,0.00026746717,0,0
0,7.82816e-05,7.828148e-05,0,0
0,0.0002457588,0.00024575662,0,0
1,0.30340636,0.3034079,1,1
0,0.00065938843,0.00065939076,0,0
0,3.497645e-05,3.4975015e-05,0,0
0,0.00018878521,0.00018878326,0,0
0,0.0003875049,0.00038749762,0,0
0,1.7483912e-05,1.74858e-05,0,0
1,1.3705176,1.3705188,1,1
0,0.00073149404,0.00073149474,0,0
0,0.00020934099,0.00020934129,0,0
0,5.6720994e-05,5.6722234e-05,0,0
0,0.0002082445,0.00020823162,0,0
0,0.00011259644,0.000112597736,0,0
0,0.00017886214,0.00017886225,0,0
0,0.00016266355,0.00016266394,0,0
0,0.00025660815,0.0002566092,0,0
0,0.00013515759,0.00013515739,0,0
0,8.395676e-05,8.395561e-05,0,0
0,7.262818e-05,7.2626164e-05,0,0
1,0.00018106333,0.00018106244,0,0
0,0.00027029729,0.00027029656,0,0
0,0.00022921003,0.00022920825,0,0
0,6.9843845e-05,6.984248e-05,0,0
0,1.8337158e-05,1.833624e-05,0,0
0,0.00037041257,0.00037041513,0,0
0,2.865002e-05,2.8649942e-05,0,0
1,0.94427925,0.9442797,1,1
0,3.2570642e-05,3.2569733e-05,0,0
0,0.00022340471,0.00022340263,0,0
0,4.7892274e-05,4.7892205e-05,0,0
1,0.13116033,0.13116042,1,1
0,0.00057550747,0.0005755098,0,0
0,0.00014478769,0.00014478492,0,0
0,0.00017085166,0.00017085134,0,0
0,8.890612e-05,8.890339e-05,0,0
0,0.00022892543,0.00022892648,0,0
0,1.9499766e-05,1.9500494e-05,0,0
1,0.0017111426,0.0017111391,1,1
0,0.00018152119,0.00018152111,0,0
0,0.0001360918,0.00013609101,0,0
0,0.0002041717,0.0002041721,0,0
0,7.252613e-05,7.2525494e-05,0,0
0,0.0003446002,0.0003445983,0,0
0,6.918697e-05,6.918723e-05,0,0
0,0.0001656256,0.00016562249,0,0
0,8.8492954e-05,8.849052e-05,0,0
0,5.235637e-05,5.235684e-05,0,0
1,0.0020393264,0.0020393322,1,1
0,0.00025068774,0.00025068774,0,0
0,0.00037262272,0.00037262504,0,0
0,0.0001578786,0.00015788,0,0
0,0.0003600289,0.00036002704,0,0
0,0.00024120919,0.00024120905,0,0
0,0.00010618884,0.00010618963,0,0
0,8.198752e-05,8.198877e-05,0,0
0,0.00012364135,0.00012364113,0,0
0,0.00018504607,0.00018504541,0,0
0,0.00010333152,0.00010333274,0,0
0,2.0185973e-05,2.0185713e-05,0,0
1,0.10337055,0.10337124,1,1
0,0.00024495323,0.000244948,0,0
0,9.886551e-05,9.8865705e-05,0,0
0,0.0001129109,0.00011291067,0,0
0,0.00031669062,0.0003166961,0,0
0,1.8577733e-05,1.8578856e-05,0,0
0,6.479901e-05,6.479794e-05,0,0
0,0.0002548813,0.00025488168,0,0
1,0.104287304,0.104287766,1,1
0,0.00028757102,0.00028757015,0,0
1,0.0005468917,0.00054689264,0,0
0,9.5517324e-05,9.551716e-05,0,0
0,4.5102515e-05,4.5103825e-05,0,0
0,0.00012210775,0.00012210771,0,0
0,0.0001746868,0.00017468476,0,0
0,0.0008626661,0.00086267333,0,0
0,0.000228426,0.00022842416,0,0
0,0.0002273819,0.00022738382,0,0
0,0.00012102372,0.000121024634,0,0
0,7.572921e-05,7.572883e-05,0,0
0,7.706903e-05,7.70718e-05,0,0
0,0.00074968947,0.00074969017,0,0
0,3.3802487e-05,3.3804554e-05,0,0
0,0.00014608758,0.00014609154,0,0
0,0.00017801939,0.00017802109,0,0
0,0.00024990924,0.00024991008,0,0
0,0.00015348561,0.000153487,0,0
1,1.564939,1.5649389,1,1
0,0.00012488996,0.00012488787,0,0
0,0.0006349956,0.0006349955,0,0
0,0.00016606203,0.00016606093,0,0
0,5.3419295e-05,5.342036e-05,0,0
0,7.788494e-05,7.7885525e-05,0,0
0,0.00030040139,0.00030040063,0,0
0,5.2507836e-05,5.2507134e-05,0,0
0,4.0019033e-05,4.0021052e-05,0,0
0,0.00029280529,0.00029280427,0,0
0,9.766654e-05,9.7668206e-05,0,0
0,0.00025630987,0.0002563159,0,0
0,0.00014575121,0.00014575043,0,0
0,0.00014332808,0.0001433287,0,0
0,0.0004840476,0.0004840462,0,0
0,5.6510475e-05,5.651331e-05,0,0
0,3.3619104e-05,3.3619293e-05,0,0
0,0.00016307407,0.00016307295,0,0
0,5.2723608e-05,5.272381e-05,0,0
0,0.00018009865,0.0001801002,0,0
0,0.0001280388,0.00012803964,0,0
0,4.9971448e-05,4.9970768e-05,0,0
0,6.817226e-05,6.817421e-05,0,0
0,0.0008548415,0.00085484167,0,0
0,8.8352885e-05,8.8350665e-05,0,0
0,0.00021316057,0.00021315731,0,0
1,1.1505281,1.150528,1,1
0,0.0008905966,0.0008905924,0,0
0,5.855272e-05,5.855158e-05,0,0
0,0.0008961423,0.00089614786,0,0
0,3.2904966e-06,3.290529e-06,0,0
0,0.0006085383,0.0006085374,0,0
0,2.0494635e-05,2.0494204e-05,0,0
0,7.4196236e-05,7.419533e-05,0,0
0,0.00013074027,0.00013074039,0,0
0,0.00013357573,0.00013357784,0,0
1,0.115101196,0.115102254,1,1
0,0.00016196718,0.00016196756,0,0
0,0.000101857004,0.00010185506,0,0
0,3.6485944e-05,3.648603e-05,0,0
0,0.0002449938,0.00024499636,0,0
0,0.0002595136,0.00025950914,0,0
0,4.4957957e-05,4.4958913e-05,0,0
0,9.20218e-05,9.2022994e-05,0,0
0,0.0002764661,0.00027646232,0,0
0,7.60294e-05,7.6031254e-05,0,0
0,6.721091e-05,6.721194e-05,0,0
1,0.58942026,0.58942,1,1
0,4.5646895e-05,4.5646262e-05,0,0
0,0.00013166887,0.00013166996,0,0
0,5.6323635e-05,5.6323825e-05,0,0
0,0.00015450269,0.00015449997,0,0
0,3.228796e-05,3.228767e-05,0,0
0,0.00034892827,0.00034892582,0,0
0,0.00055021653,0.0005502106,0,0
0,0.0020880767,0.0020880888,1,1
0,0.0003984501,0.00039844928,0,0
0,0.0001414231,0.00014142392,0,0
0,0.000158528,0.00015852721,0,0
0,0.0003113558,0.00031135223,0,0
0,0.00029643055,0.00029642764,0,0
0,9.189736e-05,9.189839e-05,0,0
0,0.00069841347,0.0006984135,0,0
0,0.00058996136,0.00058995927,0,0
0,0.00024083634,0.00024083846,0,0
0,9.899501e-05,9.899621e-05,0,0
0,7.410357e-05,7.4103824e-05,0,0
0,0.0005985526,0.00059855054,0,0
0,0.00030295286,0.00030294617,0,0
0,6.0902512e-05,6.090387e-05,0,0
0,0.00021562917,0.00021562818,0,0
0,0.0003883075,0.00038830735,0,0
1,0.10681348,0.10681292,1,1
0,0.00014282383,0.00014282415,0,0
0,6.5561064e-05,6.556213e-05,0,0
1,0.21165806,0.21165812,1,1
0,0.00022718916,0.00022718961,0,0
0,9.485146e-05,9.485119e-05,0,0
0,3.0127101e-05,3.0128596e-05,0,0
1,0.09835711,0.098357536,1,1
0,0.00013585041,0.00013585135,0,0
0,0.00019460479,0.0001946041,0,0
1,0.72420937,0.72420955,1,1
1,1.2871672,1.2871672,1,1
0,5.911376e-05,5.9114496e-05,0,0
0,7.083221e-05,7.08325e-05,0,0
0,0.00010771026,0.000107709704,0,0
0,0.00052859605,0.00052859256,0,0
0,3.36501e-05,3.3651027e-05,0,0
0,9.597059e-06,9.5975165e-06,0,0
0,6.1948317e-06,6.194254e-06,0,0
0,0.00013379242,0.0001337898,0,0
0,7.671757e-05,7.671752e-05,0,0
0,0.00029827937,0.00029828007,0,0
0,0.00022113201,0.00022113025,0,0
0,8.720561e-05,8.720713e-05,0,0
0,0.000106442865,0.00010644114,0,0
1,0.120406985,0.12040701,1,1
0,0.000111243455,0.00011124288,0,0
0,5.6864945e-05,5.686471e-05,0,0
0,0.00019444083,0.00019444118,0,0
0,0.000105198145,0.00010519576,0,0
0,0.00031949615,0.00031949562,0,0
0,7.536269e-05,7.536267e-05,0,0
0,5.33126e-05,5.331097e-05,0,0
0,0.00010216993,0.00010216748,0,0
0,0.0030335675,0.003033579,1,1
0,0.0002292733,0.00022927305,0,0
0,9.441056e-05,9.440714e-05,0,0
0,0.00010374518,0.000103744074,0,0
0,0.00060427963,0.000604285,0,0
0,0.00016318413,0.00016318641,0,0
0,1.0777271e-05,1.0777498e-05,0,0
0,8.734047e-05,8.733975e-05,0,0
0,0.00011882066,0.00011882063,0,0
0,0.00018740784,0.00018741371,0,0
0,0.0002084259,0.00020842506,0,0
0,4.7716803e-05,4.7715806e-05,0,0
0,0.0001538926,0.00015389344,0,0
0,0.00015573017,0.0001557313,0,0
0,9.113018e-05,9.11286e-05,0,0
0,0.00015031465,0.00015031469,0,0
0,0.00015604428,0.0001560406,0,0
0,0.00022023129,0.00022023648,0,0
0,0.00068845815,0.00068845646,0,0
0,4.672546e-05,4.672418e-05,0,0
0,0.00021482182,0.00021482156,0,0
0,2.690284e-05,2.6902308e-05,0,0
0,5.5105444e-05,5.5105396e-05,0,0
0,0.00014062294,0.00014062601,0,0
0,4.5799865e-05,4.5800156e-05,0,0
0,0.000115597155,0.00011559882,0,0
0,0.0002337515,0.0002337511,0,0
0,5.5760287e-05,5.5760593e-05,0,0
0,4.521648e-05,4.521558e-05,0,0
0,4.315702e-05,4.3157084e-05,0,0
0,0.00013154083,0.00013154295,0,0
0,5.7594792e-05,5.7593348e-05,0,0
0,0.00046731872,0.00046731415,0,0
0,8.086146e-05,8.0861704e-05,0,0
0,3.4450775e-05,3.4451274e-05,0,0
0,5.6767447e-05,5.6766603e-05,0,0
0,0.0015563202,0.0015563057,1,1
0,0.00012436291,0.0001243632,0,0
0,0.00010465603,0.00010465661,0,0
0,8.066639e-05,8.066466e-05,0,0
0,0.0001514001,0.00015140265,0,0
0,2.3207298e-05,2.3207787e-05,0,0
0,6.880343e-05,6.880291e-05,0,0
1,0.63127255,0.63127255,1,1
0,7.4659554e-05,7.4658805e-05,0,0
0,0.001066879,0.0010668739,0,0
0,0.00018791981,0.00018791862,0,0
0,0.00021487358,0.00021487249,0,0
0,3.3538854e-05,3.354021e-05,0,0
0,0.0001294831,0.00012948482,0,0
0,2.6065982e-05,2.606571e-05,0,0
0,0.00045218717,0.00045219003,0,0
0,0.00032552797,0.00032552922,0,0
0,0.00012443536,0.00012443286,0,0
0,3.299973e-05,3.300149e-05,0,0
0,0.00021501402,0.0002150149,0,0
0,2.7708318e-05,2.770822e-05,0,0
0,5.7113906e-05,5.711379e-05,0,0
0,0.000299021,0.00029901968,0,0
1,0.0007525642,0.0007525583,0,0
0,0.00010592197,0.00010592242,0,0
0,0.00014517481,0.00014517491,0,0
0,6.393722e-05,6.393681e-05,0,0
0,0.00013796386,0.00013796198,0,0
0,0.00034976323,0.00034976404,0,0
0,0.00016225768,0.00016226109,0,0
0,2.6869804e-05,2.686998e-05,0,0
0,4.606407e-05,4.6063262e-05,0,0
0,0.0007324023,0.0007324026,0,0
0,4.2332682e-05,4.233356e-05,0,0
0,0.0001016387,0.00010163707,0,0
0,0.00048040363,0.00048040878,0,0
0,0.0004899982,0.0004899965,0,0
0,1.2273533e-05,1.2273562e-05,0,0
0,0.00037685645,0.00037686093,0,0
0,0.00014417186,0.00014417329,0,0
0,0.00020266783,0.00020266802,0,0
0,0.00023055372,0.00023055424,0,0
0,3.2239728e-05,3.224043e-05,0,0
0,0.0007431757,0.0007431612,0,0
0,9.372612e-05,9.37244e-05,0,0
0,0.00019918104,0.00019918162,0,0
0,8.261446e-05,8.2615355e-05,0,0
0,0.00015514299,0.0001551434,0,0
1,0.19211721,0.19211672,1,1
0,0.00010344653,0.00010344614,0,0
0,0.00010488651,0.00010488686,0,0
0,0.0005804606,0.00058046397,0,0
0,0.00028747678,0.00028747594,0,0
0,0.00011041668,0.00011041818,0,0
0,8.601358e-05,8.601236e-05,0,0
1,1.5637522,1.563752,1,1
0,6.897519e-05,6.897518e-05,0,0
0,6.1134844e-05,6.113566e-05,0,0
0,7.5429714e-05,7.543009e-05,0,0
0,2.3131694e-05,2.3133114e-05,0,0
0,2.6295713e-05,2.6296337e-05,0,0
0,0.000109425026,0.000109425666,0,0
0,7.080801e-05,7.0807444e-05,0,0
0,8.874805e-05,8.874795e-05,0,0
0,0.0005071096,0.00050711015,0,0
0,0.0006157904,0.0006157903,0,0
0,0.00019617076,0.00019617206,0,0
0,0.0007959618,0.00079596066,0,0
0,6.5552165e-05,6.5552566e-05,0,0
0,7.5749995e-05,7.575029e-05,0,0
1,0.13868625,0.13868602,1,1
0,3.1789754e-05,3.1788648e-05,0,0
0,0.00034185036,0.0003418516,0,0
0,6.66949e-05,6.669539e-05,0,0
0,0.00054962817,0.00054963084,0,0
0,0.0005436969,0.0005436931,0,0
0,7.070808e-05,7.0709684e-05,0,0
0,4.4008444e-05,4.4012308e-05,0,0
0,5.116376e-05,5.1162464e-05,0,0
0,0.00013565172,0.00013565313,0,0
0,0.00023940533,0.00023940382,0,0
0,8.077727e-05,8.07781e-05,0,0
0,0.00021418917,0.000214189,0,0
0,0.00037994084,0.00037993529,0,0
0,0.00028031348,0.00028031378,0,0
0,0.00041348222,0.00041347975,0,0
0,0.00077377725,0.00077377824,0,0
1,0.6174718,0.6174718,1,1
0,0.0004333066,0.000433304,0,0
0,0.00010008525,0.00010008396,0,0
0,0.00011485338,0.000114853494,0,0
0,0.00011166892,0.00011166925,0,0
0,2.5675496e-05,2.5674686e-05,0,0
0,5.8120295e-05,5.8118152e-05,0,0
