traffic_mean,traffic_std,packet_rate,packet_variance,active_hosts,traffic_entropy,label
-62.667,8.078,1.8,65.25,9,3.359,0
-33.25,4.854,4.0,23.566,20,3.338,1
-58.545,5.854,2.2,34.273,11,3.511,1
-63.333,8.217,2.4,67.515,12,3.281,0
-66.167,9.283,1.2,86.167,6,3.417,0
-65.444,7.161,1.8,51.278,9,3.422,0
-63.933,7.769,3.0,60.352,15,3.409,0
-61.667,8.533,3.0,72.81,15,3.34,0
-60.333,7.005,1.2,49.067,6,3.315,0
-66.9,7.578,2.0,57.433,10,3.435,0
-61.571,9.693,1.4,93.952,7,3.304,0
-66.091,7.661,2.2,58.691,11,3.298,0
-65.143,5.146,1.4,26.476,7,3.31,0
-63.692,8.92,2.6,79.564,13,3.369,0
-64.4,5.302,3.0,28.114,15,3.413,0
-63.0,8.649,1.2,74.8,6,3.264,0
-62.786,8.631,2.8,74.489,14,3.414,0
-62.182,7.96,2.2,63.364,11,3.381,0
-58.778,6.778,1.8,45.944,9,3.408,0
-61.5,10.095,1.2,101.9,6,3.371,0
-63.4,7.635,1.0,58.3,5,3.272,0
-68.125,5.111,1.6,26.125,8,3.358,0
-59.917,5.9,2.4,34.811,12,3.404,1
-57.667,7.339,1.2,53.867,6,3.315,0
-63.333,6.638,2.4,44.061,12,3.467,0
-63.083,7.704,2.4,59.356,12,3.406,0
-62.533,7.745,3.0,59.981,15,3.373,0
-37.78,4.628,11.8,21.416,59,3.287,1
-62.222,4.738,1.8,22.444,9,3.31,0
-60.083,5.946,2.4,35.356,12,3.443,1
-61.786,6.908,2.8,47.72,14,3.401,0
-65.125,6.728,1.6,45.268,8,3.432,0
-61.727,5.605,2.2,31.418,11,3.365,1
-61.833,10.226,1.2,104.567,6,3.363,0
-63.8,7.803,3.0,60.886,15,3.376,0
-63.167,9.239,1.2,85.367,6,3.328,0
-63.333,8.047,1.8,64.75,9,3.341,0
-59.333,7.09,1.2,50.267,6,3.376,0
-62.833,8.424,1.2,70.967,6,3.44,0
-37.0,4.406,17.8,19.409,89,3.269,1
-60.889,8.824,1.8,77.861,9,3.439,0
-62.714,8.175,2.8,66.835,14,3.361,0
-32.857,5.789,2.8,33.516,14,3.392,1
-57.875,6.999,1.6,48.982,8,3.462,0
-61.6,4.402,2.0,19.378,10,3.392,0
-63.4,7.347,3.0,53.971,15,3.425,0
-59.4,4.827,1.0,23.3,5,3.447,0
-63.769,7.037,2.6,49.526,13,3.392,0
-61.364,6.423,2.2,41.255,11,3.325,0
-60.923,4.958,2.6,24.577,13,3.268,0
-59.571,6.936,2.8,48.11,14,3.372,0
-59.0,6.723,1.2,45.2,6,3.411,0
-37.403,4.476,13.4,20.032,67,3.305,1
-59.111,6.604,1.8,43.611,9,3.457,0
-64.571,7.115,1.4,50.619,7,3.352,0
-62.786,6.796,2.8,46.181,14,3.434,0
-64.889,6.791,1.8,46.111,9,3.359,0
-62.846,7.221,2.6,52.141,13,3.472,0
-65.5,7.012,2.0,49.167,10,3.435,0
-61.222,7.934,1.8,62.944,9,3.344,0
-64.143,6.719,1.4,45.143,7,3.389,0
-65.462,8.161,2.6,66.603,13,3.346,0
-63.727,6.958,2.2,48.418,11,3.377,0
-67.111,5.442,1.8,29.611,9,3.39,0
-62.545,8.982,2.2,80.673,11,3.339,0
-61.25,7.851,1.6,61.643,8,3.537,0
-61.5,7.892,1.6,62.286,8,3.464,0
-59.778,4.944,1.8,24.444,9,3.314,1
-58.909,6.774,2.2,45.891,11,3.45,0
-62.8,9.365,1.0,87.7,5,3.275,0
-67.714,8.674,1.4,75.238,7,3.374,0
-62.0,7.803,2.0,60.889,10,3.405,0
-61.889,5.349,1.8,28.611,9,3.387,0
-61.111,8.536,1.8,72.861,9,3.299,0
-33.571,4.071,2.8,16.571,14,3.338,1
-59.857,9.026,1.4,81.476,7,3.345,0
-61.4,8.897,2.0,79.156,10,3.378,0
-63.625,6.589,1.6,43.411,8,3.43,0
-61.5,7.251,1.6,52.571,8,3.481,0
-63.0,7.884,2.8,62.154,14,3.347,0
-63.833,9.326,1.2,86.967,6,3.291,0
-61.417,8.775,2.4,76.992,12,3.392,0
-63.857,7.669,1.4,58.81,7,3.411,0
-58.2,7.294,1.0,53.2,5,3.333,0
-62.833,4.167,1.2,17.367,6,3.414,0
-63.429,7.48,1.4,55.952,7,3.389,0
-60.167,7.334,2.4,53.788,12,3.389,0
-61.25,7.485,2.4,56.023,12,3.355,0
-63.889,7.356,1.8,54.111,9,3.339,0
-62.9,8.595,2.0,73.878,10,3.287,0
-65.778,8.541,1.8,72.944,9,3.294,0
-61.5,6.188,1.6,38.286,8,3.447,0
-56.4,7.092,1.0,50.3,5,3.447,0
-64.8,3.633,1.0,13.2,5,3.27,0
-59.733,7.842,3.0,61.495,15,3.401,0
-59.667,7.581,1.2,57.467,6,3.317,0
-63.692,7.296,2.6,53.231,13,3.297,0
-63.786,6.363,2.8,40.489,14,3.475,0
-65.4,8.45,3.0,71.4,15,3.352,0
-62.533,7.482,3.0,55.981,15,3.332,0
-64.143,7.946,1.4,63.143,7,3.453,0
-60.364,7.762,2.2,60.255,11,3.514,0
-32.944,3.918,3.6,15.35,18,3.464,1
-60.182,8.085,2.2,65.364,11,3.38,0
-63.917,6.417,2.4,41.174,12,3.389,0
-56.8,6.979,1.0,48.7,5,3.389,0
-63.429,7.678,1.4,58.952,7,3.393,0
-60.8,8.106,1.0,65.7,5,3.337,0
-37.924,4.963,15.8,24.635,79,3.323,1
-60.071,6.498,2.8,42.225,14,3.336,0
-60.571,7.552,2.8,57.033,14,3.379,0
-59.182,6.447,2.2,41.564,11,3.404,0
-59.462,7.763,2.6,60.269,13,3.418,0
-62.4,8.642,3.0,74.686,15,3.373,0
-56.333,4.274,1.2,18.267,6,3.289,0
-66.8,5.215,1.0,27.2,5,3.624,0
-59.4,7.008,3.0,49.114,15,3.31,1
-58.571,7.323,1.4,53.619,7,3.411,0
-63.0,8.685,3.0,75.429,15,3.481,0
-63.615,7.589,2.6,57.59,13,3.384,0
-33.417,4.981,2.4,24.811,12,3.392,1
-62.5,7.598,2.4,57.727,12,3.316,0
-68.167,5.115,1.2,26.167,6,3.438,0
-64.25,6.042,1.6,36.5,8,3.429,0
-59.692,7.123,2.6,50.731,13,3.382,0
-64.75,8.155,1.6,66.5,8,3.374,0
-63.8,7.629,1.0,58.2,5,3.343,0
-59.667,8.381,2.4,70.242,12,3.37,0
-60.111,6.547,1.8,42.861,9,3.327,0
-65.727,7.976,2.2,63.618,11,3.379,0
-63.143,7.755,1.4,60.143,7,3.346,0
-60.6,10.407,1.0,108.3,5,3.247,0
-61.889,10.659,1.8,113.611,9,3.392,0
-63.0,6.892,1.8,47.5,9,3.342,0
-63.429,8.324,1.4,69.286,7,3.371,0
-62.857,10.156,1.4,103.143,7,3.389,0
-61.857,7.523,2.8,56.593,14,3.35,0
-63.375,7.981,1.6,63.696,8,3.405,0
-63.0,7.757,2.6,60.167,13,3.371,0
-62.0,8.586,1.6,73.714,8,3.395,0
-62.286,7.76,2.8,60.22,14,3.285,0
-61.444,8.233,1.8,67.778,9,3.322,0
-58.9,6.402,2.0,40.989,10,3.457,0
-59.091,7.765,2.2,60.291,11,3.286,0
-37.6,4.756,14.0,22.62,70,3.309,1
-63.286,4.68,1.4,21.905,7,3.453,0
-60.889,7.705,1.8,59.361,9,3.468,0
-59.667,8.441,1.8,71.25,9,3.395,0
-62.556,8.323,1.8,69.278,9,3.441,0
-62.714,8.864,1.4,78.571,7,3.223,0
-63.571,8.059,1.4,64.952,7,3.391,0
-64.5,9.636,1.6,92.857,8,3.367,0
-59.0,8.192,2.0,67.111,10,3.347,0
-67.286,6.343,1.4,40.238,7,3.284,0
-61.0,9.504,1.4,90.333,7,3.412,0
-64.4,7.961,2.0,63.378,10,3.334,0
-61.0,7.11,2.4,50.545,12,3.338,0
-62.2,6.713,2.0,45.067,10,3.377,0
-37.875,4.549,16.0,20.693,80,3.32,1
-58.154,6.362,2.6,40.474,13,3.334,0
-64.6,6.501,2.0,42.267,10,3.41,0
-59.214,6.886,2.8,47.412,14,3.348,0
-62.5,7.059,2.0,49.833,10,3.435,0
-62.0,5.514,2.2,30.4,11,3.326,1
-64.182,6.03,2.2,36.364,11,3.37,1
-65.375,5.68,1.6,32.268,8,3.39,0
-61.25,7.402,1.6,54.786,8,3.355,0
-60.375,6.255,1.6,39.125,8,3.282,0
-61.667,7.127,2.4,50.788,12,3.504,0
-63.133,7.425,3.0,55.124,15,3.438,0
-59.231,6.313,2.6,39.859,13,3.321,0
-65.071,6.65,2.8,44.225,14,3.38,0
-62.333,7.237,3.0,52.381,15,3.313,0
-62.0,7.823,1.2,61.2,6,3.419,0
-37.278,4.621,15.8,21.357,79,3.281,1
-64.462,7.742,2.6,59.936,13,3.296,0
-62.727,8.833,2.2,78.018,11,3.528,0
-62.0,8.093,1.8,65.5,9,3.34,0
-37.5,4.72,19.2,22.274,96,3.304,1
-61.818,8.635,2.2,74.564,11,3.472,0
-59.714,6.799,2.8,46.22,14,3.381,0
-32.2,5.064,4.0,25.642,20,3.42,1
-59.615,5.679,2.6,32.256,13,3.404,1
-60.0,7.925,1.2,62.8,6,3.269,0
-63.083,7.317,2.4,53.538,12,3.343,0
-59.0,6.986,1.2,48.8,6,3.414,0
-61.857,8.934,2.8,79.824,14,3.363,0
-62.6,7.424,3.0,55.114,15,3.447,0
-62.714,8.48,1.4,71.905,7,3.392,0
-63.7,7.761,2.0,60.233,10,3.304,0
-62.75,8.047,2.4,64.75,12,3.33,0
-63.545,9.771,2.2,95.473,11,3.446,0
-60.2,7.812,3.0,61.029,15,3.372,0
-62.0,8.053,3.0,64.857,15,3.421,0
-58.125,5.89,1.6,34.696,8,3.502,0
-63.733,8.481,3.0,71.924,15,3.325,0
-66.25,8.172,1.6,66.786,8,3.426,0
-62.867,8.149,3.0,66.41,15,3.336,0
-65.083,7.403,2.4,54.811,12,3.404,0
-61.455,8.478,2.2,71.873,11,3.405,0
-62.6,7.106,2.0,50.489,10,3.229,0
-60.154,7.093,2.6,50.308,13,3.324,1
-61.0,9.077,2.2,82.4,11,3.294,0
-60.5,3.979,2.0,15.833,10,3.333,0
-63.444,5.27,1.8,27.778,9,3.405,0
-63.333,8.05,3.0,64.81,15,3.319,0
-57.167,5.474,2.4,29.97,12,3.318,0
-60.75,8.565,1.6,73.357,8,3.445,0
-63.778,7.049,1.8,49.694,9,3.346,0
-30.467,4.612,3.0,21.267,15,3.282,1
-61.3,7.484,2.0,56.011,10,3.38,0
-64.167,7.814,2.4,61.061,12,3.356,0
-63.375,7.981,1.6,63.696,8,3.373,0
-71.167,2.994,1.2,8.967,6,3.387,0
-68.429,5.473,1.4,29.952,7,3.283,0
-64.182,7.04,2.2,49.564,11,3.419,0
-60.5,6.633,1.6,44.0,8,3.263,0
-38.0,4.617,16.0,21.316,80,3.326,1
-66.667,8.998,2.4,80.97,12,3.477,0
-63.923,7.555,2.6,57.077,13,3.403,0
-62.778,8.614,1.8,74.194,9,3.472,0
-64.571,7.978,2.8,63.648,14,3.401,0
-64.733,7.421,3.0,55.067,15,3.338,0
-64.0,6.514,3.0,42.429,15,3.48,0
-59.75,6.735,1.6,45.357,8,3.355,0
-63.2,6.181,1.0,38.2,5,3.244,0
-61.375,7.23,1.6,52.268,8,3.296,0
-65.455,8.653,2.2,74.873,11,3.429,0
-66.615,6.959,2.6,48.423,13,3.482,0
-61.917,8.361,2.4,69.902,12,3.344,0
-54.636,3.828,2.2,14.655,11,3.43,0
-64.0,8.414,1.2,70.8,6,3.245,0
-64.077,8.693,2.6,75.577,13,3.44,0
-62.143,6.701,2.8,44.901,14,3.299,0
-66.5,8.191,1.2,67.1,6,3.321,0
-62.455,7.607,2.2,57.873,11,3.27,0
-61.375,9.501,1.6,90.268,8,3.371,0
-60.6,8.264,1.0,68.3,5,3.33,0
-61.857,9.494,1.4,90.143,7,3.287,0
-59.2,7.523,3.0,56.6,15,3.331,0
-62.667,8.269,3.0,68.381,15,3.402,0
-63.286,8.119,2.8,65.912,14,3.372,0
-37.098,4.493,16.4,20.188,82,3.297,1
-63.4,8.184,3.0,66.971,15,3.355,0
-62.9,8.875,2.0,78.767,10,3.288,0
-65.231,7.143,2.6,51.026,13,3.319,0
-62.143,8.611,1.4,74.143,7,3.391,0
-60.429,5.543,2.8,30.725,14,3.416,0
-60.125,6.792,1.6,46.125,8,3.332,0
-61.5,4.342,1.6,18.857,8,3.482,0
-62.625,5.755,1.6,33.125,8,3.318,0
-64.333,5.854,1.2,34.267,6,3.366,0
-60.444,7.401,1.8,54.778,9,3.424,0
-62.583,9.209,2.4,84.811,12,3.367,0
-64.071,8.185,2.8,66.995,14,3.348,0
-65.364,9.277,2.2,86.055,11,3.338,0
-64.571,6.699,2.8,44.879,14,3.391,0
-61.571,8.016,2.8,64.264,14,3.431,0
-57.667,7.789,1.2,60.667,6,3.399,0
-64.357,7.801,2.8,60.863,14,3.38,0
-64.615,7.217,2.6,52.09,13,3.402,0
-59.667,8.553,2.4,73.152,12,3.39,0
-61.125,5.083,1.6,25.839,8,3.468,0
-59.625,8.245,1.6,67.982,8,3.429,0
-67.167,4.309,1.2,18.567,6,3.391,0
-38.012,4.618,16.6,21.329,83,3.277,1
-64.4,5.358,2.0,28.711,10,3.347,0
-63.692,7.878,2.6,62.064,13,3.307,0
-56.833,3.71,1.2,13.767,6,3.393,0
-64.545,9.406,2.2,88.473,11,3.258,0
-37.765,4.626,17.0,21.396,85,3.302,1
-58.8,10.33,1.0,106.7,5,3.51,0
-61.545,8.275,2.2,68.473,11,3.339,0
-61.375,9.531,1.6,90.839,8,3.278,0
-64.857,8.877,1.4,78.81,7,3.429,0
-66.75,6.519,1.6,42.5,8,3.411,0
-62.182,7.872,2.2,61.964,11,3.324,0
-60.909,6.252,2.2,39.091,11,3.47,1
-60.6,8.017,2.0,64.267,10,3.362,0
-62.0,12.227,1.0,149.5,5,3.365,0
-62.214,8.487,2.8,72.027,14,3.375,0
-60.8,7.981,1.0,63.7,5,3.333,0
-63.308,7.707,2.6,59.397,13,3.322,0
-62.0,5.18,2.6,26.833,13,3.432,0
-60.5,7.031,1.6,49.429,8,3.279,0
-61.909,8.3,2.2,68.891,11,3.392,0
-61.625,7.726,1.6,59.696,8,3.352,0
-56.3,6.717,2.0,45.122,10,3.348,0
-60.5,8.894,1.2,79.1,6,3.464,0
-58.0,5.865,1.2,34.4,6,3.349,0
-37.508,5.028,13.0,25.285,65,3.252,1
-68.857,5.178,1.4,26.81,7,3.269,0
-60.0,8.347,2.6,69.667,13,3.32,0
-62.0,8.0,1.8,64.0,9,3.329,0
-61.538,6.741,2.6,45.436,13,3.314,0
-37.364,4.669,17.6,21.797,88,3.317,1
-64.0,8.532,1.2,72.8,6,3.399,0
-63.077,7.555,2.6,57.077,13,3.359,0
-58.333,6.63,3.0,43.952,15,3.384,1
-71.5,1.761,1.2,3.1,6,3.425,0
-63.929,8.48,2.8,71.918,14,3.275,0
-61.444,7.585,1.8,57.528,9,3.381,0
-63.8,5.31,1.0,28.2,5,3.426,0
-62.667,6.743,1.2,45.467,6,3.345,0
-62.286,5.298,2.8,28.066,14,3.411,1
-37.598,4.706,17.4,22.15,87,3.255,1
-59.667,7.365,1.8,54.25,9,3.342,0
-38.184,4.082,17.4,16.663,87,3.286,1
-63.8,6.221,1.0,38.7,5,3.392,0
-38.169,4.742,16.6,22.483,83,3.298,1
-67.25,5.029,2.4,25.295,12,3.308,0
-59.4,7.635,1.0,58.3,5,3.334,0
-37.561,4.939,16.4,24.397,82,3.261,1
-62.857,8.037,2.8,64.593,14,3.433,0
-59.0,8.099,2.2,65.6,11,3.38,0
-64.571,8.446,2.8,71.341,14,3.414,0
-61.571,9.573,2.8,91.648,14,3.305,0
-62.0,8.185,2.2,67.0,11,3.393,0
-61.067,7.146,3.0,51.067,15,3.337,0
-62.267,8.86,3.0,78.495,15,3.308,0
-64.667,8.276,1.8,68.5,9,3.276,0
-64.5,7.036,2.8,49.5,14,3.403,0
-58.583,7.763,2.4,60.265,12,3.511,0
-61.556,7.65,1.8,58.528,9,3.375,0
-63.733,8.868,3.0,78.638,15,3.412,0
-60.0,7.937,1.4,63.0,7,3.391,0
-63.583,8.586,2.4,73.72,12,3.405,0
-62.333,7.685,1.2,59.067,6,3.392,0
-60.0,6.964,1.0,48.5,5,3.278,0
-63.0,7.733,2.2,59.8,11,3.338,0
-64.385,6.513,2.6,42.423,13,3.415,0
-62.714,5.98,2.8,35.758,14,3.296,0
-57.6,6.257,2.0,39.156,10,3.347,0
-63.4,7.129,3.0,50.829,15,3.438,0
-58.857,6.359,2.8,40.44,14,3.337,0
-61.545,6.502,2.2,42.273,11,3.339,0
-65.0,8.124,2.6,66.0,13,3.256,0
-66.182,7.222,2.2,52.164,11,3.362,0
-61.417,7.192,2.4,51.72,12,3.355,0
-60.182,6.838,2.2,46.764,11,3.34,0
-63.25,8.049,1.6,64.786,8,3.41,0
-64.625,8.847,1.6,78.268,8,3.41,0
-62.727,8.174,2.2,66.818,11,3.421,0
-62.636,8.078,2.2,65.255,11,3.418,0
-55.75,4.464,1.6,19.929,8,3.338,0
-60.417,6.788,2.4,46.083,12,3.391,0
-64.0,6.671,1.0,44.5,5,3.447,0
-60.067,6.408,3.0,41.067,15,3.411,0
-59.2,9.011,1.0,81.2,5,3.536,0
-62.75,6.482,2.4,42.023,12,3.407,0
-61.533,7.492,3.0,56.124,15,3.349,0
-64.0,9.118,1.6,83.143,8,3.352,0
-64.429,8.169,2.8,66.725,14,3.307,0
-62.25,8.413,1.6,70.786,8,3.359,0
-63.5,6.411,1.2,41.1,6,3.395,0
-62.385,9.465,2.6,89.59,13,3.401,0
-63.167,7.849,2.4,61.606,12,3.353,0
-58.222,6.87,1.8,47.194,9,3.424,0
-61.8,9.073,3.0,82.314,15,3.487,0
-61.333,7.524,2.4,56.606,12,3.318,0
-63.0,7.653,1.6,58.571,8,3.351,0
-67.333,5.726,2.4,32.788,12,3.351,0
-59.714,9.962,1.4,99.238,7,3.345,0
-58.385,7.869,2.6,61.923,13,3.336,0
-37.5,4.678,13.2,21.885,66,3.274,1
-56.333,6.154,1.2,37.867,6,3.245,0
-60.0,7.071,2.8,50.0,14,3.349,0
-65.4,5.629,3.0,31.686,15,3.532,0
-60.727,6.842,2.2,46.818,11,3.39,0
-62.375,9.65,1.6,93.125,8,3.283,0
-62.0,7.828,2.4,61.273,12,3.296,0
-60.833,7.414,1.2,54.967,6,3.363,0
-38.571,4.672,12.6,21.829,63,3.306,1
-60.0,5.26,1.4,27.667,7,3.329,0
-59.5,6.804,1.2,46.3,6,3.415,0
-61.0,6.399,3.6,40.941,18,3.363,1
-62.333,7.005,1.2,49.067,6,3.317,0
-68.778,6.3,1.8,39.694,9,3.408,0
-60.5,6.761,1.6,45.714,8,3.315,0
-59.714,7.878,2.8,62.066,14,3.431,0
-59.0,7.616,1.0,58.0,5,3.244,0
-62.429,7.683,2.8,59.033,14,3.418,0
-59.643,6.652,2.8,44.247,14,3.37,1
-37.238,4.575,12.6,20.926,63,3.307,1
-62.5,6.276,2.0,39.389,10,3.29,0
-62.8,8.687,3.0,75.457,15,3.303,0
-59.625,7.963,1.6,63.411,8,3.39,0
-65.5,4.601,2.0,21.167,10,3.426,0
-62.5,8.734,1.6,76.286,8,3.318,0
-60.357,7.899,2.8,62.401,14,3.38,0
-64.889,10.191,1.8,103.861,9,3.36,0
-61.545,8.583,2.2,73.673,11,3.338,0
-63.0,9.402,2.2,88.4,11,3.323,0
-61.0,7.036,1.0,49.5,5,3.392,0
-61.833,7.026,1.2,49.367,6,3.245,0
-62.143,7.451,2.8,55.516,14,3.38,0
-61.5,5.681,2.8,32.269,14,3.393,1
-62.857,7.559,1.4,57.143,7,3.413,0
-60.471,5.832,3.4,34.015,17,3.378,1
-63.308,7.994,2.6,63.897,13,3.335,0
-64.0,5.148,1.0,26.5,5,3.272,0
-61.917,6.626,2.4,43.902,12,3.365,0
-64.769,6.882,2.6,47.359,13,3.447,0
-62.167,9.368,1.2,87.767,6,3.319,0
-62.25,7.956,2.4,63.295,12,3.39,0
-62.364,7.004,2.2,49.055,11,3.366,0
-64.333,6.411,3.0,41.095,15,3.432,0
-60.812,5.231,3.2,27.362,16,3.368,1
-63.545,7.725,2.2,59.673,11,3.454,0
-62.2,6.015,2.0,36.178,10,3.354,0
-60.167,4.834,1.2,23.367,6,3.414,0
-58.0,6.843,2.6,46.833,13,3.48,0
-57.857,7.712,1.4,59.476,7,3.369,0
-62.643,8.354,2.8,69.786,14,3.331,0
-63.692,8.538,2.6,72.897,13,3.357,0
-64.667,9.46,1.8,89.5,9,3.441,0
-61.714,8.361,1.4,69.905,7,3.317,0
-61.6,6.542,1.0,42.8,5,3.361,0
-63.625,5.012,1.6,25.125,8,3.333,0
-65.364,7.606,2.2,57.855,11,3.43,0
-64.1,7.81,2.0,60.989,10,3.305,0
-62.733,7.372,3.0,54.352,15,3.39,0
-61.933,6.419,3.0,41.21,15,3.319,0
-31.125,4.815,3.2,23.183,16,3.353,1
-62.143,8.971,1.4,80.476,7,3.326,0
-67.75,6.251,1.6,39.071,8,3.486,0
-63.0,6.782,1.4,46.0,7,3.391,0
-63.333,9.018,2.4,81.333,12,3.377,0
-67.0,8.602,1.2,74.0,6,3.387,0
-62.333,7.815,1.2,61.067,6,3.488,0
-61.0,8.869,2.6,78.667,13,3.29,0
-62.0,9.511,2.8,90.462,14,3.424,0
-63.0,8.873,2.4,78.727,12,3.345,0
-64.571,6.676,2.8,44.571,14,3.382,0
-63.4,7.619,2.0,58.044,10,3.408,0
-37.205,4.771,17.6,22.762,88,3.289,1
-37.792,4.282,14.4,18.336,72,3.311,1
-61.125,6.128,1.6,37.554,8,3.465,0
-62.333,5.68,1.2,32.267,6,3.389,0
-59.545,9.158,2.2,83.873,11,3.446,0
-63.6,9.397,1.0,88.3,5,3.362,0
-61.8,8.479,3.0,71.886,15,3.332,0
-63.273,8.088,2.2,65.418,11,3.353,0
-58.75,9.316,1.6,86.786,8,3.444,0
-57.0,3.162,1.0,10.0,5,3.389,0
-64.818,9.786,2.2,95.764,11,3.467,0
-62.4,6.768,1.0,45.8,5,3.303,0
-59.583,8.284,2.4,68.629,12,3.452,0
-60.375,8.383,1.6,70.268,8,3.409,0
-53.8,2.864,1.0,8.2,5,3.364,0
-63.429,8.437,2.8,71.187,14,3.372,0
-61.8,7.163,3.0,51.314,15,3.349,0
-59.5,7.075,2.0,50.056,10,3.389,1
-60.0,8.203,3.0,67.286,15,3.483,0
-63.857,7.603,1.4,57.81,7,3.243,0
-60.5,7.994,2.4,63.909,12,3.315,0
-59.0,8.264,1.6,68.286,8,3.337,0
-59.0,5.033,1.4,25.333,7,3.391,0
-65.083,8.229,2.4,67.72,12,3.343,0
-61.133,6.278,3.0,39.41,15,3.293,0
-62.786,8.192,2.8,67.104,14,3.326,0
-59.143,6.44,1.4,41.476,7,3.411,0
-66.167,8.864,1.2,78.567,6,3.241,0
-61.867,7.936,3.0,62.981,15,3.354,0
-65.5,6.025,1.2,36.3,6,3.29,0
-63.375,9.023,1.6,81.411,8,3.429,0
-67.909,4.867,2.2,23.691,11,3.444,0
-65.75,7.996,1.6,63.929,8,3.321,0
-59.143,8.649,1.4,74.81,7,3.374,0
-62.333,7.762,1.8,60.25,9,3.377,0
-68.833,5.707,1.2,32.567,6,3.46,0
-67.8,7.19,1.0,51.7,5,3.421,0
-66.0,8.485,1.0,72.0,5,3.419,0
-59.556,8.202,1.8,67.278,9,3.328,0
-61.917,5.178,2.4,26.811,12,3.408,0
-65.727,8.99,2.2,80.818,11,3.379,0
-60.833,7.167,1.2,51.367,6,3.343,0
-64.5,7.934,2.0,62.944,10,3.304,0
-63.583,7.379,2.4,54.447,12,3.379,0
-61.875,5.693,1.6,32.411,8,3.426,0
-57.375,5.125,1.6,26.268,8,3.43,0
-59.3,6.634,2.0,44.011,10,3.391,0
-64.667,7.715,3.0,59.524,15,3.352,0
-65.667,8.779,1.2,77.067,6,3.361,0
-59.071,6.696,2.8,44.841,14,3.392,0
-61.571,9.235,1.4,85.286,7,3.399,0
-64.0,8.544,1.4,73.0,7,3.391,0
-65.444,6.56,1.8,43.028,9,3.34,0
-55.4,3.912,1.0,15.3,5,3.361,0
-61.5,8.733,2.8,76.269,14,3.385,0
-64.667,7.211,1.8,52.0,9,3.278,0
-59.733,7.372,3.0,54.352,15,3.432,0
-33.462,5.607,2.6,31.436,13,3.369,1
-65.25,6.326,2.4,40.023,12,3.379,0
-60.385,7.343,2.6,53.923,13,3.338,1
-58.5,9.103,1.6,82.857,8,3.263,0
-59.467,7.298,3.0,53.267,15,3.406,0
-64.929,6.427,2.8,41.302,14,3.325,0
-57.0,3.808,1.0,14.5,5,3.426,0
-61.714,5.837,2.8,34.066,14,3.329,1
-68.417,3.476,2.4,12.083,12,3.366,0
-58.9,4.04,2.0,16.322,10,3.29,0
-63.6,8.961,1.0,80.3,5,3.45,0
-61.333,8.091,1.2,65.467,6,3.439,0
-64.8,6.979,1.0,48.7,5,3.364,0
-65.417,8.039,2.4,64.629,12,3.397,0
-60.8,4.266,1.0,18.2,5,3.331,0
-63.7,9.178,2.0,84.233,10,3.287,0
-60.667,11.075,1.2,122.667,6,3.414,0
-67.143,5.146,1.4,26.476,7,3.347,0
-61.0,6.519,1.0,42.5,5,3.247,0
-67.273,4.714,2.2,22.218,11,3.379,0
-34.615,4.032,2.6,16.256,13,3.38,1
-58.0,7.483,1.8,56.0,9,3.456,0
-62.333,8.261,1.8,68.25,9,3.358,0
-37.892,4.776,14.8,22.81,74,3.308,1
-63.857,7.712,1.4,59.476,7,3.287,0
-62.5,7.845,2.4,61.545,12,3.319,0
-37.274,4.342,16.8,18.852,84,3.307,1
-64.545,7.828,2.2,61.273,11,3.337,0
-62.636,8.801,2.2,77.455,11,3.365,0
-68.3,6.567,2.0,43.122,10,3.411,0
-65.067,8.233,3.0,67.781,15,3.353,0
-62.167,8.232,1.2,67.767,6,3.366,0
-64.286,7.994,1.4,63.905,7,3.324,0
-61.538,8.263,2.6,68.269,13,3.382,0
-63.533,7.809,3.0,60.981,15,3.294,0
-62.929,7.109,2.8,50.533,14,3.354,0
-61.083,5.648,2.4,31.902,12,3.302,0
-60.5,4.209,1.6,17.714,8,3.375,0
-56.2,3.347,1.0,11.2,5,3.48,0
-63.286,10.323,1.4,106.571,7,3.366,0
-37.145,3.908,12.4,15.274,62,3.279,1
-58.286,7.322,2.8,53.604,14,3.329,1
-37.905,4.731,19.0,22.385,95,3.266,1
-64.818,6.94,2.2,48.164,11,3.492,0
-62.545,7.555,2.2,57.073,11,3.255,0
-64.875,7.605,1.6,57.839,8,3.371,0
-63.917,7.845,2.4,61.538,12,3.378,0
-64.667,9.028,1.8,81.5,9,3.34,0
-37.805,4.392,15.4,19.29,77,3.321,1
-61.556,6.386,1.8,40.778,9,3.39,0
-64.083,7.465,2.4,55.72,12,3.37,0
-58.8,7.554,2.0,57.067,10,3.287,1
-63.5,8.385,1.2,70.3,6,3.399,0
-58.167,8.472,1.2,71.767,6,3.364,0
-60.643,8.082,2.8,65.324,14,3.453,0
-62.5,8.118,1.2,65.9,6,3.317,0
-37.349,4.982,16.6,24.815,83,3.283,1
-37.589,4.483,11.2,20.101,56,3.325,1
-57.286,5.314,1.4,28.238,7,3.369,0
-58.846,6.122,2.6,37.474,13,3.405,0
-59.125,8.855,1.6,78.411,8,3.522,0
-64.375,7.07,1.6,49.982,8,3.428,0
-59.0,7.365,1.8,54.25,9,3.409,0
-59.182,7.346,2.2,53.964,11,3.393,0
-59.833,6.221,2.4,38.697,12,3.343,0
-60.273,6.987,2.2,48.818,11,3.392,0
-61.5,6.317,2.4,39.909,12,3.405,0
-62.0,6.646,2.6,44.167,13,3.382,0
-55.0,5.0,1.0,25.0,5,3.299,0
-62.0,6.612,1.6,43.714,8,3.484,1
-63.0,5.721,2.4,32.727,12,3.367,0
-60.867,7.405,3.0,54.838,15,3.303,0
-63.2,5.594,2.0,31.289,10,3.348,0
-62.077,8.48,2.6,71.91,13,3.473,0
-66.545,5.698,2.2,32.473,11,3.312,0
-62.467,8.433,3.0,71.124,15,3.372,0
-64.375,5.706,1.6,32.554,8,3.424,0
-58.455,5.888,2.2,34.673,11,3.456,0
-60.6,6.401,3.0,40.971,15,3.399,0
-63.2,7.285,2.0,53.067,10,3.45,0
-63.333,6.928,1.8,48.0,9,3.324,0
-61.833,9.109,1.2,82.967,6,3.315,0
-61.4,6.95,1.0,48.3,5,3.361,0
-62.308,6.824,2.6,46.564,13,3.367,0
-58.333,5.148,1.8,26.5,9,3.291,0
-62.818,6.258,2.2,39.164,11,3.348,0
-62.25,6.756,1.6,45.643,8,3.392,0
-63.273,8.174,2.2,66.818,11,3.353,0
-32.375,5.303,3.2,28.117,16,3.425,1
-62.75,8.001,2.4,64.023,12,3.393,0
-62.8,8.075,1.0,65.2,5,3.247,0
-60.867,6.034,3.0,36.41,15,3.437,0
-61.571,7.85,1.4,61.619,7,3.356,0
-67.25,6.798,1.6,46.214,8,3.388,0
-61.667,8.292,1.8,68.75,9,3.302,0
-60.133,6.49,3.0,42.124,15,3.372,0
-61.214,9.431,2.8,88.951,14,3.36,0
-62.625,8.105,1.6,65.696,8,3.317,0
-60.917,6.331,2.4,40.083,12,3.365,1
-62.8,8.556,1.0,73.2,5,3.307,0
-56.6,8.325,1.0,69.3,5,3.45,0
-60.5,6.681,2.4,44.636,12,3.418,0
-66.0,7.906,2.6,62.5,13,3.363,0
-37.385,4.663,13.0,21.74,65,3.329,1
-60.8,7.37,3.0,54.314,15,3.479,0
-61.091,5.356,2.2,28.691,11,3.36,0
-65.9,3.479,2.0,12.1,10,3.304,0
-67.0,7.89,1.8,62.25,9,3.31,0
-62.143,8.207,2.8,67.363,14,3.337,0
-61.333,8.392,2.4,70.424,12,3.525,0
-37.36,4.631,15.0,21.45,75,3.294,1
-61.333,4.633,1.2,21.467,6,3.466,0
-64.857,7.105,1.4,50.476,7,3.477,0
-67.2,3.962,1.0,15.7,5,3.392,0
-62.8,7.596,1.0,57.7,5,3.278,0
-63.917,6.598,2.4,43.538,12,3.429,0
-59.571,7.593,2.8,57.648,14,3.424,0
-58.8,8.326,3.0,69.314,15,3.42,0
-37.054,4.445,11.2,19.761,56,3.321,1
-60.6,8.369,2.0,70.044,10,3.288,0
-64.143,7.08,2.8,50.132,14,3.443,0
-59.375,7.891,1.6,62.268,8,3.408,0
-60.167,7.987,2.4,63.788,12,3.316,0
-63.333,8.165,1.2,66.667,6,3.395,0
-64.25,9.147,2.4,83.659,12,3.453,0
-62.667,7.348,1.8,54.0,9,3.293,0
-58.3,6.734,2.0,45.344,10,3.352,0
-63.714,6.237,1.4,38.905,7,3.411,0
-62.0,8.803,1.0,77.5,5,3.302,0
-59.5,8.734,1.6,76.286,8,3.278,0
-32.077,3.662,2.6,13.41,13,3.411,1
-64.571,7.635,1.4,58.286,7,3.558,0
-63.769,7.939,2.6,63.026,13,3.471,0
-69.2,5.586,1.0,31.2,5,3.275,0
-62.333,8.239,2.4,67.879,12,3.365,0
-64.625,5.125,1.6,26.268,8,3.284,0
-34.667,4.677,2.4,21.879,12,3.412,1
-31.474,4.8,3.8,23.041,19,3.328,1
-59.625,9.913,1.6,98.268,8,3.391,0
-61.25,6.956,2.4,48.386,12,3.293,0
-61.4,7.168,2.0,51.378,10,3.434,0
-63.733,7.166,3.0,51.352,15,3.324,0
-37.724,4.873,11.6,23.747,58,3.308,1
-62.4,8.407,3.0,70.686,15,3.343,0
-62.6,7.162,1.0,51.3,5,3.306,0
-31.222,4.596,3.6,21.124,18,3.447,1
-59.333,4.638,2.4,21.515,12,3.328,1
-61.167,8.773,1.2,76.967,6,3.417,0
-60.286,6.207,2.8,38.527,14,3.36,0
-59.615,6.665,2.6,44.423,13,3.343,0
-62.667,8.43,1.2,71.067,6,3.364,0
-60.667,8.116,1.2,65.867,6,3.243,0
-63.5,5.191,2.0,26.944,10,3.407,0
-63.0,8.809,1.2,77.6,6,3.266,0
-31.85,4.977,4.0,24.766,20,3.407,1
-60.818,6.462,2.2,41.764,11,3.391,0
-32.556,4.681,3.6,21.908,18,3.448,1
-59.875,6.266,1.6,39.268,8,3.284,0
-64.0,9.018,1.4,81.333,7,3.351,0
-63.857,7.594,2.8,57.67,14,3.338,0
-61.091,6.804,2.2,46.291,11,3.404,0
-62.9,7.505,2.0,56.322,10,3.381,0
-66.222,8.686,1.8,75.444,9,3.408,0
-61.625,8.193,1.6,67.125,8,3.298,0
-58.333,5.715,1.2,32.667,6,3.343,0
-61.833,7.234,2.4,52.333,12,3.488,0
-59.0,4.313,2.2,18.6,11,3.363,1
-62.25,7.653,2.4,58.568,12,3.453,0
-66.357,8.741,2.8,76.401,14,3.317,0
-58.929,6.006,2.8,36.071,14,3.325,0
-62.0,4.957,1.6,24.571,8,3.262,1
-59.25,9.047,2.4,81.841,12,3.419,0
-63.556,7.038,1.8,49.528,9,3.396,0
-64.455,7.917,2.2,62.673,11,3.376,0
-61.333,8.666,3.0,75.095,15,3.293,0
-67.0,8.699,1.4,75.667,7,3.41,0
-61.429,9.829,1.4,96.619,7,3.308,0
-64.692,6.933,2.6,48.064,13,3.337,0
-63.5,8.229,1.6,67.714,8,3.377,0
-63.556,9.787,1.8,95.778,9,3.424,0
-32.846,4.758,2.6,22.641,13,3.343,1
-63.25,7.187,2.4,51.659,12,3.357,0
-58.5,6.442,1.2,41.5,6,3.35,0
-61.625,6.435,1.6,41.411,8,3.334,0
-64.143,8.092,1.4,65.476,7,3.391,0
-62.571,9.053,1.4,81.952,7,3.376,0
-62.0,7.537,1.2,56.8,6,3.341,0
-62.4,7.781,3.0,60.543,15,3.304,0
-65.615,6.789,2.6,46.09,13,3.289,0
-65.286,6.264,1.4,39.238,7,3.263,0
-57.727,4.962,2.2,24.618,11,3.284,0
-62.071,5.942,2.8,35.302,14,3.248,0
-61.733,6.861,3.0,47.067,15,3.341,0
-59.429,5.798,1.4,33.619,7,3.477,0
-69.0,3.697,1.4,13.667,7,3.374,0
-68.143,5.786,1.4,33.476,7,3.455,0
-70.0,6.442,1.0,41.5,5,3.447,0
-34.333,4.292,2.4,18.424,12,3.442,1
-62.6,4.98,1.0,24.8,5,3.303,0
-63.5,7.74,1.2,59.9,6,3.341,0
-31.167,5.501,3.6,30.265,18,3.325,1
-66.1,6.367,2.0,40.544,10,3.304,0
-63.8,9.094,1.0,82.7,5,3.48,0
-62.125,6.621,1.6,43.839,8,3.282,0
-61.75,8.084,1.6,65.357,8,3.462,0
-61.7,7.499,2.0,56.233,10,3.301,0
-64.3,7.832,2.0,61.344,10,3.393,0
-62.929,7.119,2.8,50.687,14,3.397,0
-65.538,6.253,2.6,39.103,13,3.299,0
-61.714,6.944,2.8,48.22,14,3.401,0
-62.714,8.261,1.4,68.238,7,3.458,0
-60.2,8.044,1.0,64.7,5,3.507,0
-63.091,7.176,2.2,51.491,11,3.43,0
-63.692,7.454,2.6,55.564,13,3.371,0
-60.556,6.492,3.6,42.144,18,3.375,1
-65.375,7.671,1.6,58.839,8,3.263,0
-66.857,5.728,1.4,32.81,7,3.392,0
-63.875,7.954,1.6,63.268,8,3.451,0
-61.733,7.206,3.0,51.924,15,3.487,0
-57.778,6.76,1.8,45.694,9,3.359,0
-69.25,5.833,2.4,34.023,12,3.39,0
-62.308,7.718,2.6,59.564,13,3.382,0
-64.0,7.012,2.6,49.167,13,3.435,0
-31.625,3.384,3.2,11.45,16,3.337,1
-63.9,6.35,2.0,40.322,10,3.437,0
-61.909,8.769,2.2,76.891,11,3.418,0
-57.25,7.126,1.6,50.786,8,3.426,0
-63.667,9.564,1.2,91.467,6,3.341,0
-61.636,6.801,2.2,46.255,11,3.429,0
-37.506,4.746,16.6,22.521,83,3.257,1
-64.5,5.808,2.4,33.727,12,3.418,0
-66.8,4.55,1.0,20.7,5,3.275,0
-63.091,8.312,2.2,69.091,11,3.35,0
-61.353,5.787,3.4,33.493,17,3.404,1
-60.625,8.911,1.6,79.411,8,3.299,0
-64.0,6.88,2.0,47.333,10,3.45,0
-62.0,8.728,2.4,76.182,12,3.389,0
-66.625,6.479,1.6,41.982,8,3.317,0
-64.111,6.716,1.8,45.111,9,3.276,0
-62.667,9.771,1.2,95.467,6,3.395,0
-30.263,4.569,3.8,20.871,19,3.398,1
-61.8,8.548,2.0,73.067,10,3.422,0
-70.0,4.796,1.0,23.0,5,3.333,0
-37.357,4.427,14.0,19.595,70,3.297,1
-61.125,8.526,1.6,72.696,8,3.502,0
-59.643,5.315,2.8,28.247,14,3.348,1
-63.6,8.385,1.0,70.3,5,3.335,0
-62.857,7.584,2.8,57.516,14,3.266,0
-37.333,4.563,14.4,20.817,72,3.3,1
-61.769,9.311,2.6,86.692,13,3.4,0
-62.6,8.735,1.0,76.3,5,3.361,0
-61.5,7.526,2.4,56.636,12,3.477,0
-61.7,8.001,2.0,64.011,10,3.376,0
-61.154,8.581,2.6,73.641,13,3.378,0
-60.111,7.817,1.8,61.111,9,3.376,0
-63.417,7.669,2.4,58.811,12,3.379,0
-61.5,9.411,1.6,88.571,8,3.298,0
-62.2,7.362,1.0,54.2,5,3.244,0
-66.556,7.535,1.8,56.778,9,3.357,0
-61.8,6.512,2.0,42.4,10,3.364,0
-65.0,7.118,1.4,50.667,7,3.391,0
-63.571,5.244,2.8,27.495,14,3.444,0
-59.091,5.856,2.2,34.291,11,3.339,1
-60.667,9.48,1.2,89.867,6,3.44,0
-66.25,5.898,1.6,34.786,8,3.487,0
-32.077,4.873,2.6,23.744,13,3.344,1
-63.4,7.356,3.0,54.114,15,3.374,0
-63.444,7.196,1.8,51.778,9,3.361,0
-57.273,7.577,2.2,57.418,11,3.417,0
-67.143,8.112,1.4,65.81,7,3.433,0
-59.571,6.085,2.8,37.033,14,3.319,0
-57.812,6.337,3.2,40.162,16,3.358,1
-64.0,8.134,2.6,66.167,13,3.374,0
-62.0,5.874,1.8,34.5,9,3.405,0
-63.286,7.72,2.8,59.604,14,3.35,0
-65.857,9.564,1.4,91.476,7,3.307,0
-64.083,8.867,2.4,78.629,12,3.379,0
-65.0,4.243,1.4,18.0,7,3.304,0
-58.917,8.185,2.4,66.992,12,3.328,0
-66.538,5.797,2.6,33.603,13,3.324,0
-63.636,9.047,2.2,81.855,11,3.349,0
-58.0,7.131,3.0,50.857,15,3.373,1
-64.25,6.386,1.6,40.786,8,3.353,0
-62.727,6.958,2.2,48.418,11,3.417,0
-61.417,6.802,2.4,46.265,12,3.394,0
-58.833,6.463,1.2,41.767,6,3.464,0
-62.625,8.847,1.6,78.268,8,3.431,0
-55.667,4.844,1.2,23.467,6,3.496,0
-59.333,7.314,1.8,53.5,9,3.473,0
-38.264,4.65,10.6,21.621,53,3.263,1
-66.286,8.686,2.8,75.451,14,3.424,0
-61.0,7.502,3.0,56.286,15,3.362,0
-63.625,6.14,1.6,37.696,8,3.338,0
-63.273,7.309,2.2,53.418,11,3.445,0
-59.267,4.992,3.0,24.924,15,3.358,0
-64.167,1.169,1.2,1.367,6,3.393,0
-59.636,7.298,2.2,53.255,11,3.296,0
-65.9,6.244,2.0,38.989,10,3.48,0
-62.125,8.56,1.6,73.268,8,3.299,0
-57.889,10.362,1.8,107.361,9,3.413,0
-62.857,8.254,2.8,68.132,14,3.381,0
-59.375,9.195,1.6,84.554,8,3.407,0
-63.0,6.564,2.4,43.091,12,3.396,0
-64.571,6.579,1.4,43.286,7,3.372,0
-62.308,5.105,2.6,26.064,13,3.514,0
-63.214,7.758,2.8,60.181,14,3.359,0
-63.308,8.087,2.6,65.397,13,3.432,0
-61.933,7.275,3.0,52.924,15,3.303,0
-63.571,7.822,2.8,61.187,14,3.316,0
-59.647,6.113,3.4,37.368,17,3.459,1
-58.6,5.32,1.0,28.3,5,3.538,0
-64.5,7.874,1.6,62.0,8,3.445,0
-66.25,9.939,1.6,98.786,8,3.432,0
-65.111,6.173,1.8,38.111,9,3.392,0
-62.846,6.731,2.6,45.308,13,3.447,0
-59.692,6.33,2.6,40.064,13,3.404,1
-64.556,7.091,1.8,50.278,9,3.406,0
-61.833,6.047,1.2,36.567,6,3.414,0
-60.8,7.887,1.0,62.2,5,3.333,0
-62.5,8.671,2.8,75.192,14,3.402,0
-64.75,8.084,1.6,65.357,8,3.351,0
-61.8,7.662,1.0,58.7,5,3.278,0
-57.5,5.551,2.4,30.818,12,3.481,0
-62.615,7.286,2.6,53.09,13,3.439,0
-62.6,6.041,2.0,36.489,10,3.467,0
-62.833,6.676,1.2,44.567,6,3.412,0
-68.0,3.78,1.6,14.286,8,3.35,0
-67.167,5.269,1.2,27.767,6,3.486,0
-62.5,8.357,2.0,69.833,10,3.268,0
-65.667,7.448,1.2,55.467,6,3.347,0
-63.875,9.804,1.6,96.125,8,3.351,0
-63.533,9.226,3.0,85.124,15,3.346,0
-58.2,5.797,3.0,33.6,15,3.344,0
-63.357,6.033,2.8,36.401,14,3.33,0
-29.176,3.644,3.4,13.279,17,3.372,1
-61.429,9.403,2.8,88.418,14,3.465,0
-64.714,7.432,1.4,55.238,7,3.348,0
-33.8,4.077,2.0,16.622,10,3.335,1
-63.333,8.595,1.2,73.867,6,3.392,0
-58.5,8.332,1.6,69.429,8,3.393,0
-60.9,7.094,2.0,50.322,10,3.261,0
-62.643,8.044,2.8,64.709,14,3.395,0
-33.316,4.854,3.8,23.561,19,3.345,1
-62.818,8.171,2.2,66.764,11,3.43,0
-59.0,6.396,2.4,40.909,12,3.318,1
-37.53,4.272,20.0,18.252,100,3.32,1
-66.5,6.317,1.2,39.9,6,3.238,0
-63.467,7.337,3.0,53.838,15,3.401,0
-37.531,4.814,12.8,23.174,64,3.298,1
-64.333,7.853,3.0,61.667,15,3.411,0
-70.5,4.66,1.6,21.714,8,3.338,0
-62.733,7.564,3.0,57.21,15,3.458,0
-62.333,5.612,1.8,31.5,9,3.441,0
-64.0,9.011,2.2,81.2,11,3.485,0
-64.0,7.368,3.0,54.286,15,3.41,0
-65.167,8.232,1.2,67.767,6,3.377,0
-64.143,7.188,2.8,51.67,14,3.229,0
-60.4,5.358,2.0,28.711,10,3.395,0
-65.143,8.047,2.8,64.747,14,3.358,0
-59.222,5.558,3.6,30.889,18,3.454,1
-64.8,7.331,3.0,53.743,15,3.284,0
-62.4,6.092,3.0,37.114,15,3.391,0
-62.429,9.253,1.4,85.619,7,3.367,0
-60.875,8.709,1.6,75.839,8,3.317,0
-63.0,9.899,1.2,98.0,6,3.421,0
-58.4,9.529,1.0,90.8,5,3.358,0
-61.923,8.077,2.6,65.244,13,3.448,0
-64.714,8.281,1.4,68.571,7,3.243,0
-62.2,6.979,1.0,48.7,5,3.331,0
-59.625,7.745,1.6,59.982,8,3.424,0
-66.714,5.823,1.4,33.905,7,3.285,0
-62.667,8.733,1.2,76.267,6,3.267,0
-64.0,7.566,1.8,57.25,9,3.292,0
-67.2,4.97,1.0,24.7,5,3.419,0
-58.786,6.727,2.8,45.258,14,3.399,0
-63.308,9.013,2.6,81.231,13,3.428,0
-64.067,6.933,3.0,48.067,15,3.38,0
-37.7,4.803,10.0,23.071,50,3.249,1
-65.556,9.812,1.8,96.278,9,3.357,0
-58.5,4.135,1.2,17.1,6,3.32,0
-61.571,7.723,2.8,59.648,14,3.368,0
-64.429,6.051,1.4,36.619,7,3.455,0
-37.854,4.378,16.4,19.164,82,3.296,1
-36.804,4.837,11.2,23.397,56,3.263,1
-63.214,7.018,2.8,49.258,14,3.358,0
-33.929,4.665,2.8,21.764,14,3.34,1
-60.4,8.444,1.0,71.3,5,3.239,0
-37.577,5.041,19.4,25.413,97,3.246,1
-63.8,6.668,3.0,44.457,15,3.439,0
-64.455,8.926,2.2,79.673,11,3.382,0
-33.7,6.111,2.0,37.344,10,3.292,1
-64.0,9.618,1.0,92.5,5,3.278,0
-61.714,9.087,1.4,82.571,7,3.35,0
-61.818,9.642,2.2,92.964,11,3.359,0
-62.25,7.888,1.6,62.214,8,3.372,0
-59.0,8.544,1.0,73.0,5,3.42,0
-61.8,9.081,3.0,82.457,15,3.383,0
-63.929,7.741,2.8,59.918,14,3.412,0
-60.571,6.188,1.4,38.286,7,3.368,0
-59.5,7.849,2.0,61.611,10,3.407,0
-67.0,7.45,1.0,55.5,5,3.364,0
-37.729,4.968,19.2,24.684,96,3.318,1
-60.0,5.859,1.4,34.333,7,3.348,0
-60.5,8.742,2.8,76.423,14,3.338,0
-60.556,5.077,1.8,25.778,9,3.34,0
-61.1,6.757,2.0,45.656,10,3.392,0
-61.333,8.927,2.4,79.697,12,3.387,0
-67.167,4.401,1.2,19.367,6,3.297,0
-64.889,5.947,1.8,35.361,9,3.229,0
-62.6,6.58,1.0,43.3,5,3.423,0
-37.878,4.96,14.8,24.601,74,3.296,1
-60.933,8.328,3.0,69.352,15,3.41,0
-62.667,8.411,1.8,70.75,9,3.399,0
-61.0,5.244,1.8,27.5,9,3.446,0
-65.857,5.551,1.4,30.81,7,3.345,0
-66.571,8.059,1.4,64.952,7,3.499,0
-62.214,7.287,2.8,53.104,14,3.35,0
-61.3,6.783,2.0,46.011,10,3.463,0
-63.5,8.053,1.6,64.857,8,3.315,0
-61.364,8.778,2.2,77.055,11,3.39,0
-62.333,8.078,1.8,65.25,9,3.408,0
-62.636,6.087,2.2,37.055,11,3.377,0
-64.4,8.444,1.0,71.3,5,3.45,0
-59.364,4.76,2.2,22.655,11,3.415,1
-60.167,7.885,1.2,62.167,6,3.417,0
-59.857,9.191,1.4,84.476,7,3.388,0
-64.364,7.58,2.2,57.455,11,3.349,0
-61.167,5.734,2.4,32.879,12,3.38,1
-61.706,4.089,3.4,16.721,17,3.323,1
-61.778,6.457,1.8,41.694,9,3.424,0
-64.111,7.737,1.8,59.861,9,3.569,0
-63.667,6.583,2.4,43.333,12,3.414,0
-66.222,7.775,1.8,60.444,9,3.208,0
-61.25,6.312,2.4,39.841,12,3.406,1
-56.562,5.465,3.2,29.862,16,3.381,1
-60.615,8.068,2.6,65.09,13,3.462,0
-65.583,6.186,2.4,38.265,12,3.405,0
-65.6,7.276,2.0,52.933,10,3.499,0
-64.875,9.326,1.6,86.982,8,3.451,0
-63.857,8.934,2.8,79.824,14,3.317,0
-62.6,6.586,2.0,43.378,10,3.462,0
-59.0,6.083,1.0,37.0,5,3.42,0
-63.429,4.117,1.4,16.952,7,3.429,0
-59.0,5.707,1.6,32.571,8,3.334,1
-66.583,6.802,2.4,46.265,12,3.341,0
-61.286,6.157,1.4,37.905,7,3.304,0
-62.222,8.121,1.8,65.944,9,3.399,0
-59.143,5.972,2.8,35.67,14,3.337,0
-31.667,4.774,2.4,22.788,12,3.417,1
-64.091,9.679,2.2,93.691,11,3.365,0
-60.0,9.209,1.2,84.8,6,3.439,0
-55.625,6.163,1.6,37.982,8,3.355,0
-57.5,7.502,1.6,56.286,8,3.364,0
-62.429,9.181,1.4,84.286,7,3.346,0
-57.647,6.164,3.4,37.993,17,3.299,1
-62.6,6.883,2.0,47.378,10,3.268,0
-63.364,5.626,2.2,31.655,11,3.457,0
-61.7,9.007,2.0,81.122,10,3.316,0
-66.0,8.626,1.2,74.4,6,3.448,0
-63.5,7.735,2.0,59.833,10,3.433,0
-63.4,7.956,1.0,63.3,5,3.389,0
-59.636,7.941,2.2,63.055,11,3.354,0
-59.0,7.468,2.0,55.778,10,3.288,0
-64.4,8.62,1.0,74.3,5,3.419,0
-62.625,9.68,1.6,93.696,8,3.409,0
-62.0,7.583,1.0,57.5,5,3.507,0
-64.273,7.417,2.2,55.018,11,3.321,0
-64.667,5.574,1.2,31.067,6,3.295,0
-61.769,8.238,2.6,67.859,13,3.436,0
-61.25,6.002,2.4,36.023,12,3.357,0
-61.167,7.026,1.2,49.367,6,3.29,0
-60.222,7.855,1.8,61.694,9,3.456,0
-62.077,5.515,2.6,30.41,13,3.356,0
-59.667,6.563,1.2,43.067,6,3.271,0
-65.0,8.803,1.0,77.5,5,3.536,0
-62.333,8.71,1.2,75.867,6,3.366,0
-64.667,6.282,1.2,39.467,6,3.412,0
-62.273,8.696,2.2,75.618,11,3.378,0
-63.571,6.63,2.8,43.956,14,3.371,0
-62.6,7.306,2.0,53.378,10,3.381,0
-59.889,8.536,1.8,72.861,9,3.326,0
-63.833,7.346,2.4,53.97,12,3.369,0
-59.9,7.078,2.0,50.1,10,3.566,1
-58.429,7.807,1.4,60.952,7,3.391,0
-58.455,5.716,2.2,32.673,11,3.39,0
-60.909,6.268,2.2,39.291,11,3.365,0
-61.0,6.439,2.4,41.455,12,3.29,1
-63.143,6.503,2.8,42.286,14,3.4,0
-65.583,8.284,2.4,68.629,12,3.417,0
-61.286,6.13,1.4,37.571,7,3.287,0
-63.538,5.897,2.6,34.769,13,3.362,0
-57.929,8.251,2.8,68.071,14,3.352,0
-37.836,4.262,14.6,18.167,73,3.289,1
-62.917,8.073,2.4,65.174,12,3.427,0
-70.333,4.844,1.2,23.467,6,3.341,0
-63.333,6.055,3.0,36.667,15,3.4,0
-64.214,4.264,2.8,18.181,14,3.322,0
-60.545,7.34,2.2,53.873,11,3.274,0
-58.8,6.07,2.0,36.844,10,3.481,0
-61.857,8.52,2.8,72.593,14,3.336,0
-57.8,4.917,2.0,24.178,10,3.358,0
-36.295,4.141,15.6,17.146,78,3.282,1
-61.929,9.327,2.8,86.995,14,3.465,0
-30.1,4.725,2.0,22.322,10,3.364,1
-61.6,2.302,1.0,5.3,5,3.328,0
-33.091,4.415,2.2,19.491,11,3.364,1
-68.857,5.367,1.4,28.81,7,3.326,0
-67.5,8.432,1.2,71.1,6,3.366,0
-55.667,4.967,1.2,24.667,6,3.366,0
-59.5,7.442,2.0,55.389,10,3.407,0
-60.625,7.444,1.6,55.411,8,3.352,0
-62.333,7.681,1.8,59.0,9,3.324,0
-60.875,5.592,1.6,31.268,8,3.32,0
-38.0,4.605,13.8,21.206,69,3.307,1
-63.5,6.804,1.2,46.3,6,3.49,0
-59.0,8.731,2.0,76.222,10,3.376,0
-65.0,5.933,2.2,35.2,11,3.351,0
-62.111,7.976,1.8,63.611,9,3.374,0
-65.071,6.318,2.8,39.918,14,3.374,0
-59.857,7.734,1.4,59.81,7,3.516,0
-60.545,9.191,2.2,84.473,11,3.443,0
-62.786,8.613,2.8,74.181,14,3.318,0
-63.857,6.517,1.4,42.476,7,3.352,0
-60.125,6.813,1.6,46.411,8,3.354,0
-61.125,9.418,1.6,88.696,8,3.301,0
-58.917,6.007,2.4,36.083,12,3.478,0
-64.143,8.047,2.8,64.747,14,3.353,0
-61.714,7.898,2.8,62.374,14,3.371,0
-66.667,5.046,1.2,25.467,6,3.342,0
-67.5,4.848,1.2,23.5,6,3.512,0
-59.143,9.045,1.4,81.81,7,3.392,0
-63.714,5.122,1.4,26.238,7,3.621,0
-58.875,5.608,3.2,31.45,16,3.429,1
-64.077,7.911,2.6,62.577,13,3.384,0
-61.75,8.464,1.6,71.643,8,3.341,0
-60.4,7.595,3.0,57.686,15,3.343,0
-61.857,5.521,1.4,30.476,7,3.391,0
-61.933,7.334,3.0,53.781,15,3.41,0
-62.786,8.135,2.8,66.181,14,3.321,0
-62.071,7.995,2.8,63.918,14,3.372,0
-65.875,11.09,1.6,122.982,8,3.299,0
-61.5,7.948,2.0,63.167,10,3.375,0
-64.2,7.253,3.0,52.6,15,3.345,0
-62.0,8.21,2.2,67.4,11,3.379,0
-62.0,8.752,2.2,76.6,11,3.323,0
-67.071,6.22,2.8,38.687,14,3.318,0
-59.5,5.947,2.4,35.364,12,3.368,0
-60.8,10.592,1.0,112.2,5,3.33,0
-58.778,4.631,1.8,21.444,9,3.374,0
-63.0,10.693,1.4,114.333,7,3.324,0
-62.6,6.423,3.0,41.257,15,3.454,0
-60.25,5.119,2.4,26.205,12,3.329,0
-36.313,4.42,16.6,19.535,83,3.323,1
-37.238,4.623,16.0,21.373,80,3.265,1
-60.786,6.727,2.8,45.258,14,3.389,0
-37.766,4.719,18.8,22.267,94,3.269,1
-59.714,7.342,1.4,53.905,7,3.374,0
-61.6,6.367,3.0,40.543,15,3.429,0
-64.583,8.317,2.4,69.174,12,3.471,0
-61.0,6.892,1.0,47.5,5,3.423,0
-62.846,7.581,2.6,57.474,13,3.36,0
-58.375,6.589,1.6,43.411,8,3.426,0
-61.273,6.574,2.2,43.218,11,3.419,0
-58.0,2.915,1.0,8.5,5,3.333,0
-63.5,8.385,1.2,70.3,6,3.447,0
-62.5,10.968,1.2,120.3,6,3.364,0
-60.0,4.899,1.0,24.0,5,3.48,0
-62.4,8.559,3.0,73.257,15,3.458,0
-64.25,7.63,1.6,58.214,8,3.372,0
-63.462,8.941,2.6,79.936,13,3.37,0
-60.0,8.27,1.2,68.4,6,3.366,0
-67.286,8.597,1.4,73.905,7,3.289,0
-62.083,6.403,2.4,40.992,12,3.402,0
-65.467,6.39,3.0,40.838,15,3.373,0
-65.333,8.756,1.2,76.667,6,3.392,0
-59.769,8.833,2.6,78.026,13,3.324,0
-65.6,7.537,1.0,56.8,5,3.328,0
-63.083,5.368,2.4,28.811,12,3.416,0
-61.167,7.808,1.2,60.967,6,3.269,0
-64.769,6.483,2.6,42.026,13,3.323,0
-64.643,9.17,2.8,84.093,14,3.303,0
-37.625,4.843,19.2,23.458,96,3.289,1
-66.0,4.87,1.6,23.714,8,3.465,0
-58.867,6.854,3.0,46.981,15,3.439,0
-61.286,7.184,2.8,51.604,14,3.416,0
-60.133,7.347,3.0,53.981,15,3.398,1
-67.182,4.119,2.2,16.964,11,3.382,0
-59.364,7.075,2.2,50.055,11,3.484,0
-57.2,6.68,2.0,44.622,10,3.435,0
-63.167,5.845,1.2,34.167,6,3.267,0
-58.9,7.249,2.0,52.544,10,3.36,0
-62.667,8.664,1.2,75.067,6,3.341,0
-66.222,7.546,1.8,56.944,9,3.357,0
-61.75,7.025,1.6,49.357,8,3.56,0
-31.867,4.224,3.0,17.838,15,3.354,1
-67.1,7.141,2.0,50.989,10,3.346,0
-64.385,5.253,2.6,27.59,13,3.369,0
-58.5,6.776,2.4,45.909,12,3.342,0
-56.5,5.968,2.0,35.611,10,3.424,0
-66.75,5.874,1.6,34.5,8,3.371,0
-62.5,9.04,1.6,81.714,8,3.405,0
-61.0,6.952,1.4,48.333,7,3.245,0
-63.231,6.247,2.6,39.026,13,3.37,0
-60.143,7.777,1.4,60.476,7,3.388,0
-61.6,10.294,3.0,105.971,15,3.353,0
-60.909,8.479,2.2,71.891,11,3.35,0
-68.417,6.557,2.4,42.992,12,3.406,0
-60.286,6.402,2.8,40.989,14,3.348,0
-31.5,3.503,2.8,12.269,14,3.518,1
-59.0,7.151,1.6,51.143,8,3.468,0
-32.833,5.113,3.6,26.147,18,3.372,1
-61.933,7.878,3.0,62.067,15,3.375,0
-62.929,7.437,2.8,55.302,14,3.41,0
-64.4,8.385,1.0,70.3,5,3.368,0
-66.0,5.715,2.6,32.667,13,3.392,0
-63.833,7.627,1.2,58.167,6,3.368,0
-58.375,6.886,1.6,47.411,8,3.391,0
-64.933,8.722,3.0,76.067,15,3.323,0
-57.833,4.956,1.2,24.567,6,3.368,0
-60.875,7.376,1.6,54.411,8,3.242,0
-59.7,8.26,2.0,68.233,10,3.349,1
-37.594,4.346,13.8,18.892,69,3.297,1
-62.25,8.498,1.6,72.214,8,3.446,0
-62.231,8.167,2.6,66.692,13,3.341,0
-57.667,3.83,1.2,14.667,6,3.438,0
-62.571,8.264,1.4,68.286,7,3.289,0
-63.222,6.741,1.8,45.444,9,3.314,0
-63.333,9.108,3.0,82.952,15,3.473,0
-64.625,8.176,1.6,66.839,8,3.426,0
-61.833,4.446,1.2,19.767,6,3.343,0
-64.857,6.986,1.4,48.81,7,3.369,0
-33.071,5.797,2.8,33.61,14,3.319,1
-60.364,7.201,2.2,51.855,11,3.31,0
-58.0,6.797,2.2,46.2,11,3.377,0
-58.3,9.214,2.0,84.9,10,3.346,0
-59.375,8.733,1.6,76.268,8,3.359,0
-64.6,6.791,3.0,46.114,15,3.303,0
-63.846,8.265,2.6,68.308,13,3.334,0
-64.615,5.62,2.6,31.59,13,3.366,0
-64.0,6.387,1.2,40.8,6,3.343,0
-64.75,8.248,2.4,68.023,12,3.365,0
-60.875,8.855,1.6,78.411,8,3.398,0
-63.333,6.919,1.2,47.867,6,3.488,0
-63.4,6.229,1.0,38.8,5,3.358,0
-31.235,5.226,3.4,27.316,17,3.335,1
-60.143,5.843,1.4,34.143,7,3.287,0
-59.8,5.493,2.0,30.178,10,3.348,1
-66.417,7.077,2.4,50.083,12,3.463,0
-61.545,6.729,2.2,45.273,11,3.383,0
-59.385,7.332,2.6,53.756,13,3.391,0
-58.667,7.089,1.8,50.25,9,3.308,0
-59.286,3.498,1.4,12.238,7,3.453,0
-59.692,5.633,2.6,31.731,13,3.356,1
-63.1,6.045,2.0,36.544,10,3.329,0
-64.8,7.584,2.0,57.511,10,3.427,0
-60.455,8.454,2.2,71.473,11,3.404,0
-63.25,7.497,2.4,56.205,12,3.404,0
-57.0,7.131,3.0,50.857,15,3.401,0
-63.615,5.81,2.6,33.756,13,3.437,0
-63.571,6.914,2.8,47.802,14,3.339,0
-59.625,7.21,1.6,51.982,8,3.391,0
-59.0,7.703,2.0,59.333,10,3.321,0
-61.667,6.863,3.0,47.095,15,3.361,0
-62.231,4.512,2.6,20.359,13,3.481,0
-61.182,5.528,2.2,30.564,11,3.381,0
-57.667,7.89,1.8,62.25,9,3.414,0
-61.429,4.65,1.4,21.619,7,3.494,0
-64.25,8.892,1.6,79.071,8,3.435,0
-66.333,6.408,1.2,41.067,6,3.414,0
-63.667,7.73,1.8,59.75,9,3.361,0
-64.455,7.634,2.2,58.273,11,3.43,0
-64.857,6.568,1.4,43.143,7,3.411,0
-62.727,5.515,2.2,30.418,11,3.474,0
-63.4,7.069,3.0,49.971,15,3.349,0
-62.455,7.515,2.2,56.473,11,3.376,0
-63.833,6.9,2.4,47.606,12,3.427,0
-60.8,6.143,2.0,37.733,10,3.421,0
-55.8,5.933,1.0,35.2,5,3.333,0
-65.667,6.665,2.4,44.424,12,3.359,0
-59.778,6.797,1.8,46.194,9,3.34,0
-63.0,6.803,1.6,46.286,8,3.391,0
-61.1,6.19,2.0,38.322,10,3.335,0
-67.0,2.121,1.0,4.5,5,3.335,0
-60.0,5.844,2.8,34.154,14,3.431,0
-62.333,4.359,1.8,19.0,9,3.436,1
-60.917,8.361,2.4,69.902,12,3.37,0
-64.5,7.047,2.8,49.654,14,3.371,0
-63.0,10.119,1.2,102.4,6,3.319,0
-63.833,8.178,2.4,66.879,12,3.404,0
-61.375,7.652,1.6,58.554,8,3.481,0
-59.333,7.335,3.0,53.81,15,3.371,0
-60.909,6.139,2.2,37.691,11,3.361,1
-63.214,8.586,2.8,73.72,14,3.347,0
-33.4,4.272,4.0,18.253,20,3.363,1
-63.556,8.064,1.8,65.028,9,3.356,0
-61.692,8.189,2.6,67.064,13,3.368,0
-63.111,8.177,1.8,66.861,9,3.362,0
-63.8,7.627,3.0,58.171,15,3.363,0
-64.125,7.415,1.6,54.982,8,3.39,0
-65.429,4.353,1.4,18.952,7,3.347,0
-56.909,6.862,2.2,47.091,11,3.334,0
-60.286,8.519,1.4,72.571,7,3.324,0
-59.455,6.314,2.2,39.873,11,3.269,1
-64.833,7.209,2.4,51.97,12,3.42,0
-33.0,5.51,2.4,30.364,12,3.414,1
-60.222,9.846,1.8,96.944,9,3.375,0
-60.7,8.42,2.0,70.9,10,3.321,0
-59.714,9.656,1.4,93.238,7,3.418,0
-55.875,4.764,1.6,22.696,8,3.372,1
-63.222,7.563,1.8,57.194,9,3.324,0
-63.375,7.425,1.6,55.125,8,3.35,0
-63.923,6.861,2.6,47.077,13,3.335,0
-62.7,7.364,2.0,54.233,10,3.346,0
-65.556,8.002,1.8,64.028,9,3.438,0
-62.143,8.104,2.8,65.67,14,3.443,0
-61.533,7.463,3.0,55.695,15,3.343,0
-67.364,6.233,2.2,38.855,11,3.31,0
-61.231,6.18,2.6,38.192,13,3.28,1
-64.923,7.123,2.6,50.744,13,3.338,0
-62.091,8.179,2.2,66.891,11,3.404,0
-63.9,8.034,2.0,64.544,10,3.375,0
-62.167,7.834,1.2,61.367,6,3.371,0
-65.714,9.482,1.4,89.905,7,3.391,0
-59.077,7.577,2.6,57.41,13,3.344,0
-62.0,6.876,2.4,47.273,12,3.383,0
-57.714,9.069,1.4,82.238,7,3.433,0
-61.0,8.466,1.4,71.667,7,3.391,0
-67.167,5.382,1.2,28.967,6,3.245,0
-62.286,8.905,2.8,79.297,14,3.432,0
-60.6,2.408,1.0,5.8,5,3.333,0
-63.2,8.715,2.0,75.956,10,3.405,0
-60.6,8.503,1.0,72.3,5,3.536,0
-60.6,9.423,1.0,88.8,5,3.421,0
-60.0,7.616,1.6,58.0,8,3.391,0
-61.833,6.206,2.4,38.515,12,3.417,0
-65.538,6.553,2.6,42.936,13,3.289,0
-56.5,5.681,2.8,32.269,14,3.401,1
-62.846,7.301,2.6,53.308,13,3.45,0
-61.286,7.248,2.8,52.527,14,3.326,0
-64.8,7.05,1.0,49.7,5,3.366,0
-60.571,7.656,1.4,58.619,7,3.393,0
-69.833,7.935,1.2,62.967,6,3.364,0
-65.125,6.77,1.6,45.839,8,3.357,0
-62.636,7.447,2.2,55.455,11,3.338,0
-59.333,8.283,2.4,68.606,12,3.336,0
-66.111,7.541,1.8,56.861,9,3.357,0
-60.385,7.773,2.6,60.423,13,3.386,0
-63.429,7.208,1.4,51.952,7,3.262,0
-62.375,6.781,1.6,45.982,8,3.484,0
-65.222,7.049,1.8,49.694,9,3.365,0
-60.8,8.456,2.0,71.511,10,3.462,0
-59.714,9.322,1.4,86.905,7,3.494,0
-61.333,5.805,2.4,33.697,12,3.342,0
-67.25,7.021,2.4,49.295,12,3.343,0
-62.182,7.209,2.2,51.964,11,3.418,0
-62.556,8.676,1.8,75.278,9,3.487,0
-62.5,7.791,1.2,60.7,6,3.318,0
-59.545,5.336,2.2,28.473,11,3.364,1
-59.556,6.858,1.8,47.028,9,3.375,1
-60.125,7.259,1.6,52.696,8,3.341,0
-63.636,7.915,2.2,62.655,11,3.393,0
-62.889,8.343,1.8,69.611,9,3.375,0
-59.778,5.208,3.6,27.124,18,3.31,1
-62.75,5.849,1.6,34.214,8,3.409,0
-64.875,7.936,1.6,62.982,8,3.445,0
-61.667,6.904,3.0,47.667,15,3.46,0
-62.533,6.707,3.0,44.981,15,3.421,0
-60.222,7.596,1.8,57.694,9,3.307,0
-67.75,4.743,1.6,22.5,8,3.355,0
-63.8,6.125,2.0,37.511,10,3.45,0
-59.571,9.217,1.4,84.952,7,3.304,0
-59.875,7.882,1.6,62.125,8,3.374,0
-65.667,6.387,2.4,40.788,12,3.329,0
-69.0,5.254,2.2,27.6,11,3.436,0
-61.2,7.857,2.0,61.733,10,3.348,0
-67.0,6.575,2.8,43.231,14,3.401,0
-60.333,9.474,1.8,89.75,9,3.453,0
-66.727,7.564,2.2,57.218,11,3.353,0
-62.333,7.433,1.8,55.25,9,3.426,0
-33.615,4.407,2.6,19.423,13,3.415,1
-65.727,7.336,2.2,53.818,11,3.35,0
-64.75,5.776,1.6,33.357,8,3.357,0
-64.143,8.859,1.4,78.476,7,3.37,0
-62.75,5.643,2.4,31.841,12,3.378,0
-63.889,7.184,1.8,51.611,9,3.39,0
-63.8,11.1,1.0,123.2,5,3.272,0
-59.625,6.232,1.6,38.839,8,3.372,0
-65.8,9.841,2.0,96.844,10,3.451,0
-61.615,8.13,2.6,66.09,13,3.346,0
-33.333,4.201,3.6,17.647,18,3.367,1
-63.8,6.179,2.0,38.178,10,3.375,0
-64.0,4.781,1.6,22.857,8,3.315,0
-62.308,7.052,2.6,49.731,13,3.327,0
-59.538,5.953,2.6,35.436,13,3.401,0
-64.0,9.496,2.4,90.182,12,3.404,0
-63.75,8.551,2.4,73.114,12,3.366,0
-63.556,6.912,1.8,47.778,9,3.385,0
-66.273,8.223,2.2,67.618,11,3.379,0
-61.143,8.435,1.4,71.143,7,3.324,0
-60.333,6.501,1.2,42.267,6,3.519,0
-64.375,8.262,1.6,68.268,8,3.411,0
-63.25,7.723,1.6,59.643,8,3.499,0
-61.0,8.71,3.0,75.857,15,3.324,0
-62.444,6.247,1.8,39.028,9,3.454,0
-62.625,9.164,1.6,83.982,8,3.318,0
-63.6,7.169,3.0,51.4,15,3.375,0
-62.222,7.242,1.8,52.444,9,3.26,0
-57.875,6.854,1.6,46.982,8,3.328,0
-65.385,8.068,2.6,65.09,13,3.33,0
-64.5,8.449,2.0,71.389,10,3.364,0
-61.0,6.693,1.2,44.8,6,3.417,0
-59.0,7.81,1.0,61.0,5,3.297,0
-57.0,5.269,3.6,27.765,18,3.356,1
-62.333,7.584,2.4,57.515,12,3.335,0
-63.286,8.597,1.4,73.905,7,3.444,0
-63.455,8.395,2.2,70.473,11,3.366,0
-60.25,7.187,2.4,51.659,12,3.441,0
-66.5,4.928,1.6,24.286,8,3.426,0
-67.6,7.763,3.0,60.257,15,3.443,0
-63.385,7.763,2.6,60.256,13,3.368,0
-62.4,7.726,3.0,59.686,15,3.405,0
-59.571,7.939,2.8,63.033,14,3.393,0
-64.0,7.45,1.8,55.5,9,3.392,0
-64.0,7.675,2.4,58.909,12,3.37,0
-61.111,7.457,1.8,55.611,9,3.422,0
-59.4,7.956,1.0,63.3,5,3.331,0
-61.5,8.142,1.2,66.3,6,3.389,0
-65.154,8.726,2.6,76.141,13,3.404,0
-61.857,3.805,1.4,14.476,7,3.497,0
-67.5,4.982,2.4,24.818,12,3.439,0
-63.0,7.297,1.8,53.25,9,3.342,0
-61.7,7.889,2.0,62.233,10,3.279,0
-65.7,7.689,2.0,59.122,10,3.392,0
-62.462,7.412,2.6,54.936,13,3.36,0
-61.167,5.037,1.2,25.367,6,3.349,0
-63.444,6.912,1.8,47.778,9,3.327,0
-61.25,7.818,2.4,61.114,12,3.426,0
-64.429,6.802,2.8,46.264,14,3.372,0
-64.533,7.039,3.0,49.552,15,3.335,0
-66.2,4.604,1.0,21.2,5,3.337,0
-59.417,7.621,2.4,58.083,12,3.307,0
-65.333,10.558,1.2,111.467,6,3.368,0
-57.5,6.686,1.2,44.7,6,3.295,0
-66.4,7.367,2.0,54.267,10,3.33,0
-64.4,8.806,3.0,77.543,15,3.375,0
-67.4,9.915,1.0,98.3,5,3.392,0
-61.833,7.861,2.4,61.788,12,3.432,0
-64.727,8.673,2.2,75.218,11,3.312,0
-65.0,7.463,2.8,55.692,14,3.446,0
-62.273,5.901,2.2,34.818,11,3.391,0
-60.5,8.777,2.8,77.038,14,3.412,0
-64.583,7.166,2.4,51.356,12,3.293,0
-62.5,6.536,2.0,42.722,10,3.272,0
-36.85,4.479,12.0,20.062,60,3.335,1
-60.125,8.659,1.6,74.982,8,3.464,0
-65.4,4.219,1.0,17.8,5,3.388,0
-31.583,5.125,2.4,26.265,12,3.401,1
-66.375,7.405,1.6,54.839,8,3.462,0
-66.0,8.319,1.2,69.2,6,3.318,0
-63.308,8.807,2.6,77.564,13,3.367,0
-66.417,7.465,2.4,55.72,12,3.374,0
-63.5,10.114,1.6,102.286,8,3.278,0
-64.444,7.248,1.8,52.528,9,3.377,0
-66.2,4.55,1.0,20.7,5,3.306,0
-62.571,6.876,1.4,47.286,7,3.302,0
-62.083,8.361,2.4,69.902,12,3.417,0
-62.4,8.325,1.0,69.3,5,3.242,0
-58.5,7.287,1.2,53.1,6,3.466,0
-64.778,8.497,1.8,72.194,9,3.443,0
-63.231,8.308,2.6,69.026,13,3.358,0
-33.8,4.584,4.0,21.011,20,3.391,1
-64.467,6.599,3.0,43.552,15,3.466,0
-65.4,7.797,1.0,60.8,5,3.301,0
-65.727,7.837,2.2,61.418,11,3.416,0
-60.4,7.501,2.0,56.267,10,3.336,0
-64.364,6.233,2.2,38.855,11,3.269,0
-57.333,5.788,1.8,33.5,9,3.526,0
-64.143,7.244,1.4,52.476,7,3.389,0
-65.571,7.913,1.4,62.619,7,3.263,0
-61.273,6.482,2.2,42.018,11,3.394,0
-65.083,5.68,2.4,32.265,12,3.451,0
-58.222,4.842,1.8,23.444,9,3.376,0
-60.167,9.538,1.2,90.967,6,3.562,0
-63.143,8.245,2.8,67.978,14,3.294,0
-62.667,7.416,1.8,55.0,9,3.263,0
-37.241,4.339,10.8,18.828,54,3.27,1
-57.9,7.923,2.0,62.767,10,3.379,0
-63.333,8.185,1.8,67.0,9,3.439,0
-66.067,7.896,3.0,62.352,15,3.4,0
-62.0,8.19,2.8,67.077,14,3.466,0
-65.333,8.261,2.4,68.242,12,3.388,0
-62.083,8.501,2.4,72.265,12,3.404,0
-62.308,9.411,2.6,88.564,13,3.252,0
-63.5,6.446,2.4,41.545,12,3.402,0
-64.7,7.587,2.0,57.567,10,3.366,0
-63.0,5.0,1.0,25.0,5,3.509,0
-66.0,6.714,2.8,45.077,14,3.402,0
-62.786,7.35,2.8,54.027,14,3.394,0
-61.6,7.772,3.0,60.4,15,3.389,0
-61.0,5.878,2.4,34.545,12,3.417,0
-62.462,9.052,2.6,81.936,13,3.346,0
-36.584,4.697,15.4,22.062,77,3.294,1
-65.0,5.831,1.2,34.0,6,3.343,0
-60.0,7.925,1.2,62.8,6,3.322,0
-67.833,5.115,1.2,26.167,6,3.321,0
-61.4,7.405,3.0,54.829,15,3.471,0
-62.857,6.362,1.4,40.476,7,3.372,0
-59.333,6.358,2.4,40.424,12,3.46,0
-59.867,7.652,3.0,58.552,15,3.395,0
-63.846,6.466,2.6,41.808,13,3.461,0
-59.769,7.224,2.6,52.192,13,3.367,0
-63.273,8.923,2.2,79.618,11,3.432,0
-61.625,8.501,1.6,72.268,8,3.393,0
-62.571,7.968,2.8,63.495,14,3.376,0
-62.6,8.475,2.0,71.822,10,3.365,0
-59.3,9.569,2.0,91.567,10,3.439,0
-63.923,8.19,2.6,67.077,13,3.392,0
-60.071,5.731,2.8,32.841,14,3.328,1
-64.0,7.524,2.8,56.615,14,3.349,0
-62.333,8.338,2.4,69.515,12,3.414,0
-61.733,7.459,3.0,55.638,15,3.441,0
-60.2,6.167,3.0,38.029,15,3.43,0
-60.467,6.917,3.0,47.838,15,3.359,0
-61.286,7.194,2.8,51.758,14,3.402,0
-57.286,4.811,2.8,23.143,14,3.341,0
-63.462,6.827,2.6,46.603,13,3.38,0
-61.308,7.532,2.6,56.731,13,3.392,0
-59.1,9.036,2.0,81.656,10,3.361,0
-59.462,7.299,2.6,53.269,13,3.356,0
-61.857,7.135,2.8,50.901,14,3.431,0
-62.455,9.278,2.2,86.073,11,3.299,0
-61.833,9.988,1.2,99.767,6,3.414,0
-64.0,7.681,1.8,59.0,9,3.337,0
-64.2,8.121,2.0,65.956,10,3.404,0
-61.6,7.925,1.0,62.8,5,3.364,0
-59.214,5.632,2.8,31.72,14,3.418,0
-36.772,4.827,18.4,23.299,92,3.28,1
-62.769,7.854,2.6,61.692,13,3.368,0
-64.0,7.483,1.4,56.0,7,3.284,0
-60.333,8.914,1.2,79.467,6,3.315,0
-63.727,6.635,2.2,44.018,11,3.444,0
-37.524,4.247,16.8,18.036,84,3.271,1
-62.231,6.166,2.6,38.026,13,3.372,1
-62.133,8.935,3.0,79.838,15,3.311,0
-60.778,8.729,1.8,76.194,9,3.342,0
-61.067,7.005,3.0,49.067,15,3.368,0
-56.5,3.619,1.2,13.1,6,3.366,0
-67.111,7.474,1.8,55.861,9,3.424,0
-63.417,8.317,2.4,69.174,12,3.414,0
-59.8,10.826,1.0,117.2,5,3.398,0
-62.909,8.712,2.2,75.891,11,3.368,0
-62.667,8.311,1.2,69.067,6,3.414,0
-65.8,5.586,1.0,31.2,5,3.337,0
-62.333,7.314,1.8,53.5,9,3.281,0
-32.818,4.813,2.2,23.164,11,3.408,1
-61.8,9.088,3.0,82.6,15,3.39,0
-65.6,8.113,2.0,65.822,10,3.405,0
-63.143,6.666,2.8,44.44,14,3.387,0
-59.0,6.676,1.6,44.571,8,3.355,0
-54.333,2.582,1.2,6.667,6,3.44,0
-56.0,4.733,1.2,22.4,6,3.297,0
-63.846,8.375,2.6,70.141,13,3.45,0
-62.8,8.257,3.0,68.171,15,3.429,0
-65.333,6.439,1.2,41.467,6,3.415,0
-67.167,5.115,1.2,26.167,6,3.443,0
-61.444,5.721,3.6,32.732,18,3.395,1
-59.571,3.952,1.4,15.619,7,3.455,0
-61.5,7.976,2.0,63.611,10,3.467,0
-61.8,10.45,1.0,109.2,5,3.308,0
-65.667,8.732,2.4,76.242,12,3.428,0
-61.556,7.418,1.8,55.028,9,3.39,0
-60.125,8.459,1.6,71.554,8,3.355,0
-61.875,5.668,1.6,32.125,8,3.407,0
-61.25,8.137,2.4,66.205,12,3.394,0
-58.8,6.989,2.0,48.844,10,3.373,0
-62.875,7.736,1.6,59.839,8,3.516,0
-66.231,6.99,2.6,48.859,13,3.368,0
-62.091,6.236,2.2,38.891,11,3.432,0
-63.222,8.657,1.8,74.944,9,3.395,0
-65.0,10.654,1.0,113.5,5,3.242,0
-64.727,6.695,2.2,44.818,11,3.404,0
-59.5,7.065,2.4,49.909,12,3.488,0
-62.0,7.703,2.6,59.333,13,3.518,0
-61.0,4.887,3.6,23.882,18,3.409,1
-63.0,8.756,1.4,76.667,7,3.391,0
-60.364,7.685,2.2,59.055,11,3.459,0
-38.271,4.604,11.8,21.201,59,3.277,1
-61.125,10.006,1.6,100.125,8,3.445,0
-57.727,6.436,2.2,41.418,11,3.35,0
-57.727,6.482,2.2,42.018,11,3.322,0
-64.889,8.298,1.8,68.861,9,3.407,0
-61.8,7.193,2.0,51.733,10,3.333,0
-61.167,7.408,2.4,54.879,12,3.414,0
-36.424,4.099,13.2,16.802,66,3.292,1
-61.364,7.941,2.2,63.055,11,3.31,0
-62.0,7.168,2.8,51.385,14,3.352,0
-61.917,8.681,2.4,75.356,12,3.331,0
-67.833,8.75,1.2,76.567,6,3.46,0
-62.2,8.011,3.0,64.171,15,3.469,0
-65.818,7.6,2.2,57.764,11,3.394,0
-59.917,6.487,2.4,42.083,12,3.377,0
-66.182,6.853,2.2,46.964,11,3.363,0
-61.091,7.622,2.2,58.091,11,3.391,0
-62.25,10.195,1.6,103.929,8,3.407,0
-60.231,7.563,2.6,57.192,13,3.422,0
-64.333,7.984,1.8,63.75,9,3.357,0
-66.8,6.472,3.0,41.886,15,3.39,0
-56.286,6.993,1.4,48.905,7,3.411,0
-64.875,8.643,1.6,74.696,8,3.409,0
-64.5,7.678,2.0,58.944,10,3.464,0
-65.2,4.147,1.0,17.2,5,3.45,0
-62.429,6.98,2.8,48.725,14,3.41,0
-60.0,8.544,1.0,73.0,5,3.333,0
-33.368,4.437,3.8,19.69,19,3.433,1
-63.833,8.778,2.4,77.061,12,3.326,0
-56.167,5.565,1.2,30.967,6,3.297,0
-57.067,4.698,3.0,22.067,15,3.316,0
-62.231,7.178,2.6,51.526,13,3.393,0
-60.5,8.864,1.6,78.571,8,3.428,0
-64.0,6.969,1.6,48.571,8,3.391,0
-64.083,7.786,2.4,60.629,12,3.463,0
-59.556,6.187,1.8,38.278,9,3.344,0
-64.0,7.106,2.6,50.5,13,3.371,0
-62.9,8.399,2.0,70.544,10,3.333,0
-60.2,6.812,2.0,46.4,10,3.335,0
-62.3,8.957,2.0,80.233,10,3.374,0
-62.0,6.949,1.6,48.286,8,3.39,0
-60.385,7.489,2.6,56.09,13,3.381,0
-61.889,6.772,1.8,45.861,9,3.456,0
-61.4,5.667,3.0,32.114,15,3.4,1
-60.667,7.339,1.2,53.867,6,3.373,0
-60.571,6.824,2.8,46.571,14,3.447,0
-61.0,7.933,3.2,62.933,16,3.353,1
-66.667,6.154,1.2,37.867,6,3.368,0
-37.016,4.521,12.4,20.442,62,3.31,1
-37.758,4.325,13.2,18.71,66,3.307,1
-62.308,6.408,2.6,41.064,13,3.402,0
-65.667,7.907,3.0,62.524,15,3.341,0
-61.5,7.388,2.8,54.577,14,3.348,0
-65.333,9.668,1.2,93.467,6,3.417,0
-63.143,8.17,2.8,66.747,14,3.412,0
-60.909,8.549,2.2,73.091,11,3.433,0
-59.0,8.438,1.2,71.2,6,3.367,0
-65.0,7.663,2.4,58.727,12,3.399,0
-65.4,6.107,1.0,37.3,5,3.366,0
-58.556,7.828,1.8,61.278,9,3.407,0
-58.875,8.983,1.6,80.696,8,3.36,0
-64.143,8.572,1.4,73.476,7,3.376,0
-56.222,4.738,1.8,22.444,9,3.311,0
-38.125,4.346,19.2,18.889,96,3.348,1
-59.846,8.503,2.6,72.308,13,3.313,0
-62.769,6.796,2.6,46.192,13,3.381,0
-60.0,6.263,2.8,39.231,14,3.437,1
-63.867,7.039,3.0,49.552,15,3.41,0
-64.667,8.914,1.2,79.467,6,3.392,0
-60.5,6.416,2.0,41.167,10,3.359,0
-60.167,8.035,1.2,64.567,6,3.412,0
-58.8,6.221,1.0,38.7,5,3.331,0
-58.267,6.307,3.0,39.781,15,3.356,1
-66.6,2.066,2.0,4.267,10,3.332,0
-60.75,7.921,2.4,62.75,12,3.322,0
-64.6,5.04,3.0,25.4,15,3.355,0
-59.0,8.016,1.8,64.25,9,3.422,1
-58.667,5.831,1.8,34.0,9,3.425,0
-58.8,6.989,2.0,48.844,10,3.402,0
-58.143,5.336,1.4,28.476,7,3.309,0
-63.167,7.918,2.4,62.697,12,3.442,0
-56.0,7.113,2.2,50.6,11,3.351,0
-62.2,12.029,1.0,144.7,5,3.505,0
-66.222,5.31,1.8,28.194,9,3.39,0
-59.2,8.291,3.0,68.743,15,3.371,0
-62.667,8.805,3.0,77.524,15,3.413,0
-58.533,7.772,3.0,60.41,15,3.374,0
-62.0,7.597,1.6,57.714,8,3.334,0
-59.9,8.006,2.0,64.1,10,3.344,0
-60.545,7.216,2.2,52.073,11,3.458,0
-63.0,7.537,2.2,56.8,11,3.39,0
-59.077,8.015,2.6,64.244,13,3.371,0
-30.053,4.365,3.8,19.053,19,3.364,1
-64.444,6.984,1.8,48.778,9,3.375,0
-64.0,3.347,1.2,11.2,6,3.395,0
-37.075,4.578,10.6,20.956,53,3.332,1
-37.333,4.506,15.0,20.306,75,3.293,1
-62.923,6.677,2.6,44.577,13,3.415,0
-66.8,7.033,3.0,49.457,15,3.392,0
-67.0,6.708,2.2,45.0,11,3.444,0
-64.333,8.172,2.4,66.788,12,3.342,0
-37.926,4.416,13.6,19.502,68,3.283,1
-61.455,7.699,2.2,59.273,11,3.379,0
-33.789,5.094,3.8,25.953,19,3.392,1
-62.8,7.391,2.0,54.622,10,3.378,0
-65.769,4.816,2.6,23.192,13,3.336,0
-66.0,7.043,2.2,49.6,11,3.448,0
-61.231,8.457,2.6,71.526,13,3.382,0
-70.5,4.231,1.2,17.9,6,3.295,0
-61.8,6.301,1.0,39.7,5,3.271,0
-63.154,7.504,2.6,56.308,13,3.391,0
-58.75,7.399,2.4,54.75,12,3.317,0
-65.0,6.633,1.2,44.0,6,3.512,0
-61.167,7.731,1.2,59.767,6,3.32,0
-62.231,7.474,2.6,55.859,13,3.359,0
-64.0,7.447,2.4,55.455,12,3.441,0
-64.727,8.101,2.2,65.618,11,3.31,0
-63.833,7.767,2.4,60.333,12,3.383,0
-65.0,8.697,2.4,75.636,12,3.281,0
-65.8,4.438,1.0,19.7,5,3.244,0
-60.2,8.468,1.0,71.7,5,3.362,0
-65.727,6.068,2.2,36.818,11,3.444,0
-64.667,9.374,1.2,87.867,6,3.392,0
-61.636,7.632,2.2,58.255,11,3.354,0
-64.0,5.244,1.0,27.5,5,3.239,0
-63.333,8.595,1.2,73.867,6,3.514,0
-58.429,4.928,1.4,24.286,7,3.391,0
-59.545,8.079,2.2,65.273,11,3.407,0
-37.945,4.596,18.2,21.119,91,3.306,1
-64.286,6.844,2.8,46.835,14,3.487,0
-63.75,6.819,1.6,46.5,8,3.297,0
-64.125,6.198,1.6,38.411,8,3.334,0
-37.584,4.587,17.8,21.041,89,3.301,1
-60.857,7.833,2.8,61.363,14,3.432,0
-55.2,5.805,1.0,33.7,5,3.392,0
-65.6,6.204,2.0,38.489,10,3.33,0
-66.333,4.459,2.4,19.879,12,3.367,0
-61.75,7.921,2.4,62.75,12,3.379,0
-33.2,5.116,2.0,26.178,10,3.346,1
-57.8,5.762,1.0,33.2,5,3.45,0
-61.083,7.891,2.4,62.265,12,3.303,0
-38.564,4.787,18.8,22.915,94,3.311,1
-60.071,6.944,2.8,48.225,14,3.362,0
-65.733,7.878,3.0,62.067,15,3.41,0
-64.125,6.664,1.6,44.411,8,3.338,0
-61.769,7.801,2.6,60.859,13,3.334,0
-62.429,6.188,1.4,38.286,7,3.433,0
-62.364,7.646,2.2,58.455,11,3.35,0
-64.167,6.145,1.2,37.767,6,3.345,0
-59.857,7.853,2.8,61.67,14,3.392,0
-65.0,8.485,1.6,72.0,8,3.357,0
-60.846,7.01,2.6,49.141,13,3.494,0
-61.8,10.545,1.0,111.2,5,3.334,0
-63.222,8.555,1.8,73.194,9,3.39,0
-61.111,8.462,1.8,71.611,9,3.406,0
-62.6,5.595,1.0,31.3,5,3.389,0
-65.385,6.239,2.6,38.923,13,3.344,0
-62.273,7.734,2.2,59.818,11,3.581,0
-64.889,6.566,1.8,43.111,9,3.407,0
-61.667,8.664,1.2,75.067,6,3.368,0
-61.125,9.775,1.6,95.554,8,3.357,0
-61.6,6.139,3.0,37.686,15,3.333,0
-67.5,5.992,1.2,35.9,6,3.39,0
-61.0,5.354,2.0,28.667,10,3.421,1
-59.417,6.762,2.4,45.72,12,3.483,0
-65.154,5.97,2.6,35.641,13,3.333,0
-61.615,8.752,2.6,76.59,13,3.415,0
-63.3,8.341,2.0,69.567,10,3.42,0
-61.429,4.541,1.4,20.619,7,3.433,0
-65.154,6.829,2.6,46.641,13,3.417,0
-60.875,9.687,1.6,93.839,8,3.395,0
-32.5,4.419,4.0,19.526,20,3.377,1
-59.9,8.048,2.0,64.767,10,3.449,0
-61.2,8.672,1.0,75.2,5,3.333,0
-64.6,7.863,2.0,61.822,10,3.433,0
-63.8,9.094,1.0,82.7,5,3.244,0
-61.0,7.047,1.4,49.667,7,3.369,0
-66.111,7.769,1.8,60.361,9,3.437,0
-70.222,6.016,1.8,36.194,9,3.326,0
-60.938,5.662,3.2,32.062,16,3.428,1
-64.571,7.046,2.8,49.648,14,3.402,0
-61.455,8.226,2.2,67.673,11,3.429,0
-65.0,8.39,1.2,70.4,6,3.345,0
-59.267,7.44,3.0,55.352,15,3.322,0
-67.875,6.728,1.6,45.268,8,3.264,0
-57.083,7.317,2.4,53.538,12,3.438,0
-63.125,6.792,1.6,46.125,8,3.426,0
-66.167,6.52,2.4,42.515,12,3.342,0
-58.333,6.933,2.4,48.061,12,3.319,0
-63.4,7.716,3.0,59.543,15,3.373,0
-59.286,5.499,1.4,30.238,7,3.372,0
-66.6,5.629,3.0,31.686,15,3.314,0
-59.4,6.522,3.0,42.543,15,3.373,0
-65.364,8.189,2.2,67.055,11,3.349,0
-59.273,7.773,2.2,60.418,11,3.354,0
-67.273,7.63,2.2,58.218,11,3.485,0
-61.8,7.627,3.0,58.171,15,3.46,0
-62.571,6.503,1.4,42.286,7,3.579,0
-60.125,6.854,1.6,46.982,8,3.391,0
-56.727,7.016,2.2,49.218,11,3.299,0
-66.714,9.016,2.8,81.297,14,3.412,0
-37.48,4.589,20.0,21.06,100,3.321,1
-67.375,4.438,1.6,19.696,8,3.393,0
-64.5,8.597,1.2,73.9,6,3.361,0
-62.667,5.898,2.4,34.788,12,3.381,0
-62.125,10.19,1.6,103.839,8,3.256,0
-59.833,10.147,1.2,102.967,6,3.297,0
-30.583,4.542,2.4,20.629,12,3.417,1
-61.556,7.316,1.8,53.528,9,3.373,0
-60.727,7.295,2.2,53.218,11,3.434,0
-63.286,5.529,1.4,30.571,7,3.455,0
-63.6,10.015,1.0,100.3,5,3.364,0
-62.714,8.361,1.4,69.905,7,3.482,0
-61.167,9.065,1.2,82.167,6,3.464,0
-66.4,6.674,3.0,44.543,15,3.341,0
-60.0,9.402,1.2,88.4,6,3.341,0
-65.6,5.505,1.0,30.3,5,3.478,0
-61.333,7.596,2.4,57.697,12,3.431,0
-62.556,5.637,1.8,31.778,9,3.262,0
-58.273,6.769,2.2,45.818,11,3.379,1
-66.308,7.51,2.6,56.397,13,3.38,0
-66.167,5.193,1.2,26.967,6,3.344,0
-60.214,8.031,2.8,64.489,14,3.401,0
-61.643,7.967,2.8,63.478,14,3.414,0
-63.8,7.239,2.0,52.4,10,3.422,0
-66.0,8.042,1.4,64.667,7,3.434,0
-32.467,5.54,3.0,30.695,15,3.402,1
-59.727,8.113,2.2,65.818,11,3.281,0
-62.2,6.668,3.0,44.457,15,3.353,0
-62.8,6.73,2.0,45.289,10,3.272,0
-38.38,4.261,14.2,18.153,71,3.293,1
-61.769,6.685,2.6,44.692,13,3.358,0
-64.917,5.992,2.4,35.902,12,3.266,0
-63.818,7.6,2.2,57.764,11,3.365,0
-59.4,5.128,1.0,26.3,5,3.216,0
-62.667,8.69,3.0,75.524,15,3.314,0
-64.5,7.819,1.6,61.143,8,3.281,0
-60.722,6.057,3.6,36.683,18,3.383,1
-59.714,7.064,1.4,49.905,7,3.393,0
-63.067,7.166,3.0,51.352,15,3.396,0
-61.917,6.921,2.4,47.902,12,3.393,0
-59.571,6.133,1.4,37.619,7,3.501,0
-63.267,8.754,3.0,76.638,15,3.42,0
-62.778,5.696,1.8,32.444,9,3.31,0
-62.333,7.556,3.0,57.095,15,3.438,0
-66.286,8.976,1.4,80.571,7,3.415,0
-62.143,7.734,1.4,59.81,7,3.451,0
-59.056,5.241,3.6,27.467,18,3.376,1
-60.0,6.716,2.0,45.111,10,3.422,0
-66.333,6.344,1.8,40.25,9,3.327,0
-58.333,7.062,1.2,49.867,6,3.486,0
-61.818,8.716,2.2,75.964,11,3.404,0
-62.167,7.297,2.4,53.242,12,3.381,0
-61.8,8.701,1.0,75.7,5,3.392,0
-63.769,6.747,2.6,45.526,13,3.399,0
-62.846,8.802,2.6,77.474,13,3.423,0
-60.8,7.35,3.0,54.029,15,3.381,0
-58.0,8.556,1.2,73.2,6,3.438,0
-62.909,6.107,2.2,37.291,11,3.31,0
-38.062,4.268,13.0,18.215,65,3.322,1
-61.083,5.213,2.4,27.174,12,3.49,0
-60.0,6.353,2.4,40.364,12,3.355,0
-64.889,6.294,1.8,39.611,9,3.42,0
-59.0,8.843,2.2,78.2,11,3.438,0
-65.0,9.055,1.6,82.0,8,3.444,0
-59.222,7.839,1.8,61.444,9,3.307,0
-62.167,6.603,2.4,43.606,12,3.416,0
-36.843,5.052,14.0,25.526,70,3.293,1
-60.143,6.769,2.8,45.824,14,3.328,0
-61.375,5.449,1.6,29.696,8,3.391,1
-64.5,5.317,2.4,28.273,12,3.254,0
-64.0,7.368,1.6,54.286,8,3.282,0
-65.5,6.348,1.2,40.3,6,3.39,0
-63.667,9.644,1.8,93.0,9,3.243,0
-68.2,7.396,1.0,54.7,5,3.457,0
-61.733,8.276,3.0,68.495,15,3.463,0
-59.833,10.028,1.2,100.567,6,3.471,0
-60.267,6.649,3.0,44.21,15,3.348,0
-60.9,6.226,2.0,38.767,10,3.35,0
-62.429,8.751,2.8,76.571,14,3.363,0
-56.8,6.058,1.0,36.7,5,3.389,0
-63.75,8.276,1.6,68.5,8,3.264,0
-60.231,8.719,2.6,76.026,13,3.356,0
-65.9,6.488,2.0,42.1,10,3.411,0
-61.714,7.61,1.4,57.905,7,3.326,0
-63.667,7.19,2.4,51.697,12,3.348,0
-32.273,4.606,2.2,21.218,11,3.35,1
-62.133,7.827,3.0,61.267,15,3.423,0
-65.0,4.528,1.0,20.5,5,3.211,0
-64.714,7.415,2.8,54.989,14,3.306,0
-64.909,7.368,2.2,54.291,11,3.299,0
-62.111,6.735,1.8,45.361,9,3.31,0
-61.667,8.532,2.4,72.788,12,3.392,0
-59.308,7.134,2.6,50.897,13,3.266,0
-66.714,7.631,1.4,58.238,7,3.328,0
-66.308,6.738,2.6,45.397,13,3.417,0
-58.714,7.064,1.4,49.905,7,3.411,0
-65.6,7.427,2.0,55.156,10,3.226,0
-67.25,7.704,1.6,59.357,8,3.377,0
-60.4,6.618,1.0,43.8,5,3.334,0
-68.429,6.268,1.4,39.286,7,3.413,0
-63.0,4.66,1.6,21.714,8,3.445,0
-62.929,8.1,2.8,65.61,14,3.37,0
-64.333,7.711,1.2,59.467,6,3.341,0
-62.571,7.356,2.8,54.11,14,3.447,0
-60.857,6.644,1.4,44.143,7,3.555,0
-61.625,7.981,1.6,63.696,8,3.372,0
-59.556,8.662,1.8,75.028,9,3.411,0
-64.0,8.367,1.0,70.0,5,3.333,0
-63.3,6.816,2.0,46.456,10,3.408,0
-63.8,7.757,3.0,60.171,15,3.324,0
-62.933,6.766,3.0,45.781,15,3.38,0
-31.667,5.273,3.0,27.81,15,3.362,1
-57.625,5.449,1.6,29.696,8,3.374,0
-62.769,6.431,2.6,41.359,13,3.426,0
-56.0,7.071,1.0,50.0,5,3.33,0
-63.615,7.445,2.6,55.423,13,3.344,0
-59.2,4.97,1.0,24.7,5,3.306,0
-60.333,7.967,1.2,63.467,6,3.373,0
-61.375,7.386,1.6,54.554,8,3.501,0
-61.143,7.448,1.4,55.476,7,3.291,0
-64.923,6.886,2.6,47.41,13,3.389,0
-37.38,4.764,14.2,22.696,71,3.279,1
-60.4,6.687,2.0,44.711,10,3.404,0
-64.0,9.633,1.2,92.8,6,3.319,0
-62.615,8.13,2.6,66.09,13,3.449,0
-64.067,8.422,3.0,70.924,15,3.465,0
-62.429,6.188,1.4,38.286,7,3.391,0
-60.357,7.121,2.8,50.709,14,3.346,0
-60.846,7.744,2.6,59.974,13,3.346,0
-60.071,7.29,2.8,53.148,14,3.504,0
-65.214,5.673,2.8,32.181,14,3.401,0
-64.556,8.017,1.8,64.278,9,3.314,0
-32.211,4.276,3.8,18.287,19,3.431,1
-57.667,6.538,1.8,42.75,9,3.394,0
-60.615,6.475,2.6,41.923,13,3.335,0
-61.818,7.91,2.2,62.564,11,3.403,0
-60.231,7.726,2.6,59.692,13,3.412,0
-63.0,9.943,1.6,98.857,8,3.389,0
-56.4,6.656,1.0,44.3,5,3.302,0
-61.818,4.49,2.2,20.164,11,3.482,0
-57.667,2.944,1.2,8.667,6,3.315,0
-63.2,10.305,1.0,106.2,5,3.33,0
-64.286,7.783,1.4,60.571,7,3.389,0
-59.143,4.634,1.4,21.476,7,3.418,0
-62.375,7.981,1.6,63.696,8,3.391,0
-60.333,8.093,1.8,65.5,9,3.422,0
-63.0,5.292,2.0,28.0,10,3.466,0
-64.556,5.457,1.8,29.778,9,3.357,0
-56.4,7.127,1.0,50.8,5,3.364,0
-65.0,7.616,1.8,58.0,9,3.366,0
-65.5,5.505,1.2,30.3,6,3.316,0
-59.444,6.729,1.8,45.278,9,3.377,0
-61.5,7.091,1.6,50.286,8,3.407,0
-62.0,4.667,2.0,21.778,10,3.378,0
-67.667,6.946,1.8,48.25,9,3.392,0
-56.857,4.741,1.4,22.476,7,3.284,0
-59.778,7.563,1.8,57.194,9,3.409,0
-36.91,4.316,13.4,18.628,67,3.294,1
-65.111,8.283,1.8,68.611,9,3.405,0
-60.714,8.062,2.8,64.989,14,3.329,0
-38.138,4.596,17.4,21.12,87,3.287,1
-57.727,8.001,2.2,64.018,11,3.35,0
-63.167,8.902,2.4,79.242,12,3.352,0
-64.625,7.17,1.6,51.411,8,3.39,0
-37.182,4.533,13.2,20.551,66,3.314,1
-66.857,4.14,1.4,17.143,7,3.35,0
-60.778,5.286,1.8,27.944,9,3.31,0
-31.75,4.575,4.0,20.934,20,3.361,1
-34.545,5.279,2.2,27.873,11,3.363,1
-61.333,8.907,2.4,79.333,12,3.439,0
-63.5,6.7,2.8,44.885,14,3.443,0
-64.636,8.262,2.2,68.255,11,3.493,0
-62.727,6.944,2.2,48.218,11,3.377,0
-61.6,9.209,1.0,84.8,5,3.416,0
-64.857,6.431,2.8,41.363,14,3.329,0
-63.786,7.084,2.8,50.181,14,3.364,0
-57.375,7.19,1.6,51.696,8,3.411,0
-64.909,7.569,2.2,57.291,11,3.327,0
-61.429,8.696,1.4,75.619,7,3.516,0
-61.5,5.732,1.6,32.857,8,3.408,0
-63.133,7.772,3.0,60.41,15,3.352,0
-65.857,6.414,1.4,41.143,7,3.393,0
-37.903,4.83,14.4,23.328,72,3.294,1
-61.5,6.979,1.2,48.7,6,3.466,0
-64.143,6.669,1.4,44.476,7,3.396,0
-63.6,7.987,1.0,63.8,5,3.419,0
-64.6,9.154,1.0,83.8,5,3.364,0
-61.429,7.091,1.4,50.286,7,3.411,0
-62.857,6.203,1.4,38.476,7,3.307,0
-62.125,9.658,1.6,93.268,8,3.394,0
-62.3,8.693,2.0,75.567,10,3.453,0
-54.417,3.343,2.4,11.174,12,3.342,0
-60.0,8.919,2.0,79.556,10,3.51,0
-62.154,8.194,2.6,67.141,13,3.334,0
-64.733,8.189,3.0,67.067,15,3.352,0
-64.125,6.244,1.6,38.982,8,3.52,0
-62.8,6.613,2.0,43.733,10,3.348,0
-61.3,8.341,2.0,69.567,10,3.35,0
-66.444,6.579,1.8,43.278,9,3.388,0
-57.875,5.842,1.6,34.125,8,3.299,0
-65.2,5.805,1.0,33.7,5,3.275,0
-62.286,7.804,1.4,60.905,7,3.326,0
-60.615,6.911,2.6,47.756,13,3.41,0
-61.889,6.194,1.8,38.361,9,3.375,0
-63.0,6.904,1.4,47.667,7,3.284,0
-62.333,7.967,1.2,63.467,6,3.292,0
-61.333,7.667,2.4,58.788,12,3.366,0
-59.571,5.84,2.8,34.11,14,3.434,0
-62.067,8.713,3.0,75.924,15,3.332,0
-61.222,6.996,1.8,48.944,9,3.39,0
-59.75,6.042,1.6,36.5,8,3.445,0
-58.2,6.304,3.0,39.743,15,3.47,0
-63.167,8.424,1.2,70.967,6,3.366,0
-63.667,7.291,2.4,53.152,12,3.393,0
-59.5,6.595,1.2,43.5,6,3.494,0
-64.333,8.392,2.4,70.424,12,3.428,0
-59.5,6.329,2.0,40.056,10,3.38,0
-64.077,5.766,2.6,33.244,13,3.458,0
-66.909,6.252,2.2,39.091,11,3.391,0
-65.778,5.932,1.8,35.194,9,3.325,0
-62.889,8.177,1.8,66.861,9,3.26,0
-60.214,8.387,2.8,70.335,14,3.389,0
-65.8,8.927,1.0,79.7,5,3.377,0
-62.0,9.577,1.6,91.714,8,3.524,0
-60.182,6.478,2.2,41.964,11,3.323,0
-63.231,6.809,2.6,46.359,13,3.457,0
-63.538,8.058,2.6,64.936,13,3.382,0
-63.2,9.576,1.0,91.7,5,3.624,0
-63.308,8.499,2.6,72.231,13,3.477,0
-65.0,8.552,1.6,73.143,8,3.341,0
-66.0,7.183,1.2,51.6,6,3.371,0
-64.133,8.331,3.0,69.41,15,3.424,0
-63.286,6.993,1.4,48.905,7,3.397,0
-63.3,8.433,2.0,71.122,10,3.457,0
-32.579,5.316,3.8,28.257,19,3.361,1
-68.375,7.17,1.6,51.411,8,3.298,0
-66.364,4.802,2.2,23.055,11,3.367,0
-64.333,7.556,3.0,57.095,15,3.302,0
-60.4,9.009,2.0,81.156,10,3.391,0
-63.231,8.516,2.6,72.526,13,3.345,0
-63.364,8.477,2.2,71.855,11,3.39,0
-62.769,8.833,2.6,78.026,13,3.344,0
-61.2,5.16,2.0,26.622,10,3.376,0
-66.667,10.271,1.8,105.5,9,3.443,0
-63.833,8.419,2.4,70.879,12,3.356,0
-61.545,8.371,2.2,70.073,11,3.308,0
-57.429,6.26,2.8,39.187,14,3.436,0
-61.769,8.064,2.6,65.026,13,3.437,0
-59.444,5.548,1.8,30.778,9,3.292,0
-60.667,5.701,1.8,32.5,9,3.39,0
-60.438,4.604,3.2,21.196,16,3.41,1
-64.5,7.131,1.6,50.857,8,3.374,0
-60.636,7.27,2.2,52.855,11,3.445,0
-63.25,6.566,2.4,43.114,12,3.448,0
-64.333,5.5,1.8,30.25,9,3.422,0
-64.167,10.458,1.2,109.367,6,3.391,0
-66.267,5.271,3.0,27.781,15,3.398,0
-63.308,7.543,2.6,56.897,13,3.447,0
-66.0,8.124,1.2,66.0,6,3.289,0
-62.222,7.345,1.8,53.944,9,3.395,0
-65.091,8.13,2.2,66.091,11,3.351,0
-63.583,9.02,2.4,81.356,12,3.397,0
-59.308,5.36,2.6,28.731,13,3.377,0
-67.5,6.654,2.8,44.269,14,3.404,0
-64.917,7.845,2.4,61.538,12,3.346,0
-58.818,6.794,2.2,46.164,11,3.432,0
-62.545,5.61,2.2,31.473,11,3.389,0
-57.727,6.987,2.2,48.818,11,3.495,0
-64.1,7.505,2.0,56.322,10,3.346,0
-62.571,7.435,1.4,55.286,7,3.263,0
-66.8,9.935,1.0,98.7,5,3.278,0
-62.857,5.551,1.4,30.81,7,3.29,0
-64.818,7.319,2.2,53.564,11,3.355,0
-65.5,6.676,1.6,44.571,8,3.507,0
-65.0,7.031,1.6,49.429,8,3.364,0
-37.53,4.385,16.6,19.228,83,3.315,1
-62.643,7.386,2.8,54.555,14,3.404,0
-60.8,7.563,1.0,57.2,5,3.392,0
-57.2,9.094,1.0,82.7,5,3.538,0
-62.667,6.541,2.4,42.788,12,3.355,0
-61.4,8.809,2.0,77.6,10,3.435,0
-59.786,7.35,2.8,54.027,14,3.34,0
-31.182,3.79,2.2,14.364,11,3.356,1
-59.0,9.899,1.2,98.0,6,3.389,0
-62.385,8.078,2.6,65.256,13,3.419,0
-64.538,7.699,2.6,59.269,13,3.352,0
-62.778,8.467,1.8,71.694,9,3.36,0
-61.857,9.94,1.4,98.81,7,3.388,0
-62.0,8.544,1.0,73.0,5,3.419,0
-63.5,7.428,2.4,55.182,12,3.414,0
-63.125,8.132,1.6,66.125,8,3.298,0
-61.4,7.245,2.0,52.489,10,3.346,0
-57.333,8.5,1.8,72.25,9,3.28,0
-61.455,6.563,2.2,43.073,11,3.337,0
-64.571,10.768,1.4,115.952,7,3.477,0
-65.154,6.669,2.6,44.474,13,3.322,0
-66.429,7.525,1.4,56.619,7,3.411,0
-37.781,4.279,14.6,18.312,73,3.285,1
-58.818,7.91,2.2,62.564,11,3.352,0
-62.333,7.211,1.8,52.0,9,3.325,0
-60.583,7.692,2.4,59.174,12,3.367,0
-59.2,5.805,1.0,33.7,5,3.416,0
-60.385,9.845,2.6,96.923,13,3.362,0
-63.286,7.544,1.4,56.905,7,3.453,0
-62.455,9.395,2.2,88.273,11,3.415,0
-64.154,6.256,2.6,39.141,13,3.393,0
-61.333,8.139,1.8,66.25,9,3.295,0
-57.6,5.595,1.0,31.3,5,3.275,0
-64.75,6.431,1.6,41.357,8,3.391,0
-61.75,6.943,2.4,48.205,12,3.393,0
-58.923,7.421,2.6,55.077,13,3.463,0
-60.308,7.04,2.6,49.564,13,3.369,0
-64.8,8.967,2.0,80.4,10,3.478,0
-61.889,7.288,1.8,53.111,9,3.395,0
-31.421,4.234,3.8,17.924,19,3.443,1
-58.636,5.87,2.2,34.455,11,3.365,0
-61.375,9.68,1.6,93.696,8,3.278,0
-62.4,7.039,3.0,49.543,15,3.332,0
-61.667,7.547,3.0,56.952,15,3.272,0
-63.143,9.788,1.4,95.81,7,3.348,0
-67.0,7.797,1.2,60.8,6,3.295,0
